run_id,message_id,image_name,detections_count,top_class,top_confidence,inference_started_at,inference_finished_at,inference_ms,payload_size_bytes,publish_started_at,publish_confirmed_at,subscriber_received_at,subscriber_ack_published_at,publisher_ack_received_at,publish_to_subscriber_ms,subscriber_ack_processing_ms,ack_return_ms,roundtrip_ms
steps-cloud-yolo-tailscale,1,000000.jpg,4,metalen_verpakking,0.9391,1776617196.686254,1776617198.605029,1918.78,726,1776617198.612926,1776617198.613333,1776617198.624603,1776617198.624639,1776617198.637091,11.68,0.04,12.45,24.16
steps-cloud-yolo-tailscale,2,000001.jpg,1,plastic_verpakking,0.9378,1776617198.645194,1776617198.812488,167.29,376,1776617198.813109,1776617198.813438,1776617198.824771,1776617198.824804,1776617198.83744,11.66,0.03,12.64,24.33
steps-cloud-yolo-tailscale,3,000002.jpg,1,plastic_verpakking,0.7975,1776617198.844908,1776617198.965341,120.43,377,1776617198.966203,1776617198.966528,1776617198.978135,1776617198.978164,1776617198.990737,11.93,0.03,12.57,24.53
steps-cloud-yolo-tailscale,4,000003.jpg,1,plastic_verpakking,0.935,1776617198.998368,1776617199.119422,121.05,372,1776617199.119932,1776617199.120236,1776617199.13192,1776617199.13195,1776617199.144835,11.99,0.03,12.88,24.9
steps-cloud-yolo-tailscale,5,000004.jpg,1,plastic_verpakking,0.8714,1776617199.151846,1776617199.266926,115.08,372,1776617199.267651,1776617199.267955,1776617199.279378,1776617199.279406,1776617199.291928,11.73,0.03,12.52,24.28
steps-cloud-yolo-tailscale,6,000005.jpg,1,plastic_verpakking,0.9639,1776617199.299894,1776617199.419833,119.94,374,1776617199.420368,1776617199.420708,1776617199.432198,1776617199.432229,1776617199.445233,11.83,0.03,13.0,24.87
steps-cloud-yolo-tailscale,7,000006.jpg,1,plastic_verpakking,0.8271,1776617199.452293,1776617199.581361,129.07,376,1776617199.582165,1776617199.582466,1776617199.594018,1776617199.59405,1776617199.606813,11.85,0.03,12.76,24.65
steps-cloud-yolo-tailscale,8,000007.jpg,2,plastic_verpakking,0.9495,1776617199.614079,1776617199.739734,125.65,496,1776617199.740412,1776617199.740715,1776617199.752331,1776617199.752369,1776617199.765196,11.92,0.04,12.83,24.78
steps-cloud-yolo-tailscale,9,000009.jpg,0,,,1776617199.772395,1776617199.894943,122.55,258,1776617199.895454,1776617199.895726,1776617199.907287,1776617199.907312,1776617199.92007,11.83,0.03,12.76,24.62
steps-cloud-yolo-tailscale,10,000010.jpg,8,plastic_verpakking,0.8824,1776617199.927552,1776617200.049121,121.57,1210,1776617200.050874,1776617200.051184,1776617200.062464,1776617200.062513,1776617200.074869,11.59,0.05,12.36,24.0
steps-cloud-yolo-tailscale,11,000011.jpg,2,plastic_verpakking,0.931,1776617200.082807,1776617200.194016,111.21,495,1776617200.194959,1776617200.195251,1776617200.206717,1776617200.206747,1776617200.219259,11.76,0.03,12.51,24.3
steps-cloud-yolo-tailscale,12,000012.jpg,3,plastic_verpakking,0.9272,1776617200.227079,1776617200.393085,166.01,614,1776617200.393909,1776617200.394183,1776617200.405538,1776617200.405572,1776617200.41819,11.63,0.03,12.62,24.28
steps-cloud-yolo-tailscale,13,000013.jpg,6,metalen_verpakking,0.9585,1776617200.425969,1776617200.544568,118.6,969,1776617200.546134,1776617200.546461,1776617200.557987,1776617200.558026,1776617200.570282,11.85,0.04,12.26,24.15
steps-cloud-yolo-tailscale,14,000014.jpg,1,plastic_verpakking,0.8622,1776617200.578354,1776617200.661649,83.3,376,1776617200.662158,1776617200.662457,1776617200.673803,1776617200.673833,1776617200.686731,11.64,0.03,12.9,24.57
steps-cloud-yolo-tailscale,15,000015.jpg,6,plastic_verpakking,0.9509,1776617200.694227,1776617200.799003,104.78,974,1776617200.801329,1776617200.801647,1776617200.813461,1776617200.813497,1776617200.826323,12.13,0.04,12.83,24.99
steps-cloud-yolo-tailscale,16,000017.jpg,3,plastic_verpakking,0.9515,1776617200.833469,1776617200.922467,89.0,613,1776617200.928902,1776617200.929205,1776617200.94054,1776617200.940569,1776617200.953032,11.64,0.03,12.46,24.13
steps-cloud-yolo-tailscale,17,000019.jpg,5,plastic_verpakking,0.9257,1776617200.960726,1776617201.018994,58.27,843,1776617201.020725,1776617201.021018,1776617201.032498,1776617201.032536,1776617201.045214,11.77,0.04,12.68,24.49
steps-cloud-yolo-tailscale,18,000020.jpg,3,metalen_verpakking,0.9745,1776617201.05255,1776617201.081169,28.62,612,1776617201.081694,1776617201.081977,1776617201.09359,1776617201.093626,1776617201.106196,11.9,0.04,12.57,24.5
steps-cloud-yolo-tailscale,19,000021.jpg,2,plastic_verpakking,0.961,1776617201.113597,1776617201.163001,49.4,489,1776617201.163717,1776617201.163945,1776617201.175009,1776617201.175037,1776617201.187563,11.29,0.03,12.53,23.85
steps-cloud-yolo-tailscale,20,000022.jpg,6,plastic_verpakking,0.9679,1776617201.195541,1776617201.22239,26.85,972,1776617201.223372,1776617201.223659,1776617201.235184,1776617201.235216,1776617201.24753,11.81,0.03,12.31,24.16
steps-cloud-yolo-tailscale,21,000023.jpg,1,plastic_verpakking,0.9498,1776617201.255505,1776617201.301842,46.34,373,1776617201.302226,1776617201.302454,1776617201.313476,1776617201.313501,1776617201.32598,11.25,0.02,12.48,23.75
steps-cloud-yolo-tailscale,22,000024.jpg,12,plastic_verpakking,0.9204,1776617201.334162,1776617201.387735,53.57,1673,1776617201.391693,1776617201.392025,1776617201.403374,1776617201.403414,1776617201.416029,11.68,0.04,12.62,24.34
steps-cloud-yolo-tailscale,23,000025.jpg,0,,,1776617201.423625,1776617201.452201,28.58,257,1776617201.452284,1776617201.452548,1776617201.464143,1776617201.464167,1776617201.476537,11.86,0.02,12.37,24.25
steps-cloud-yolo-tailscale,24,000026.jpg,2,plastic_verpakking,0.9372,1776617201.484234,1776617201.513941,29.71,494,1776617201.514302,1776617201.514556,1776617201.526016,1776617201.526045,1776617201.538521,11.71,0.03,12.48,24.22
steps-cloud-yolo-tailscale,25,000027.jpg,1,plastic_verpakking,0.9672,1776617201.546044,1776617201.59296,46.92,371,1776617201.593362,1776617201.593735,1776617201.605736,1776617201.605768,1776617201.618554,12.37,0.03,12.79,25.19
steps-cloud-yolo-tailscale,26,000028.jpg,5,plastic_verpakking,0.9386,1776617201.625252,1776617201.674411,49.16,842,1776617201.675996,1776617201.676307,1776617201.687961,1776617201.687999,1776617201.70075,11.97,0.04,12.75,24.75
steps-cloud-yolo-tailscale,27,000029.jpg,24,plastic_verpakking,0.9519,1776617201.707862,1776617201.756477,48.62,3092,1776617201.763898,1776617201.764242,1776617201.775497,1776617201.77563,1776617201.788517,11.6,0.13,12.89,24.62
steps-cloud-yolo-tailscale,28,000030.jpg,3,metalen_verpakking,0.975,1776617201.795997,1776617201.825998,30.0,611,1776617201.826504,1776617201.826801,1776617201.838186,1776617201.838222,1776617201.851047,11.68,0.04,12.82,24.54
steps-cloud-yolo-tailscale,29,000031.jpg,1,plastic_verpakking,0.9449,1776617201.858452,1776617201.960369,101.92,377,1776617201.960756,1776617201.961148,1776617201.972632,1776617201.972664,1776617201.985395,11.88,0.03,12.73,24.64
steps-cloud-yolo-tailscale,30,000032.jpg,1,plastic_verpakking,0.8382,1776617201.992925,1776617202.077027,84.1,376,1776617202.077986,1776617202.078299,1776617202.090011,1776617202.090041,1776617202.102604,12.02,0.03,12.56,24.62
steps-cloud-yolo-tailscale,31,000033.jpg,1,plastic_verpakking,0.9541,1776617202.110166,1776617202.171685,61.52,376,1776617202.172154,1776617202.172431,1776617202.183941,1776617202.183973,1776617202.196821,11.79,0.03,12.85,24.67
steps-cloud-yolo-tailscale,32,000034.jpg,2,plastic_verpakking,0.9683,1776617202.200903,1776617202.275296,74.39,493,1776617202.276484,1776617202.276761,1776617202.288157,1776617202.288187,1776617202.300903,11.67,0.03,12.72,24.42
steps-cloud-yolo-tailscale,33,000035.jpg,1,metalen_verpakking,0.9525,1776617202.30835,1776617202.365957,57.61,377,1776617202.366455,1776617202.36675,1776617202.378159,1776617202.378192,1776617202.390906,11.7,0.03,12.71,24.45
steps-cloud-yolo-tailscale,34,000036.jpg,1,plastic_verpakking,0.9627,1776617202.398211,1776617202.485338,87.13,376,1776617202.486324,1776617202.486611,1776617202.497926,1776617202.497954,1776617202.510609,11.6,0.03,12.66,24.29
steps-cloud-yolo-tailscale,35,000037.JPG,8,plastic_verpakking,0.9174,1776617202.518066,1776617202.554171,36.1,1201,1776617202.555938,1776617202.556253,1776617202.567551,1776617202.567592,1776617202.580377,11.61,0.04,12.78,24.44
steps-cloud-yolo-tailscale,36,000038.jpg,3,metalen_verpakking,0.8841,1776617202.587709,1776617202.725765,138.06,617,1776617202.72676,1776617202.727048,1776617202.738571,1776617202.738606,1776617202.751269,11.81,0.03,12.66,24.51
steps-cloud-yolo-tailscale,37,000039.jpg,1,plastic_verpakking,0.956,1776617202.758539,1776617202.842807,84.27,375,1776617202.843669,1776617202.843958,1776617202.855309,1776617202.855339,1776617202.867902,11.64,0.03,12.56,24.23
steps-cloud-yolo-tailscale,38,000040.JPG,2,plastic_verpakking,0.6736,1776617202.875687,1776617202.938962,63.27,493,1776617202.939927,1776617202.94023,1776617202.951588,1776617202.951622,1776617202.964503,11.66,0.03,12.88,24.58
steps-cloud-yolo-tailscale,39,000041.JPG,2,metalen_verpakking,0.9576,1776617202.971707,1776617203.021708,50.0,496,1776617203.022608,1776617203.022928,1776617203.034332,1776617203.034367,1776617203.047065,11.72,0.03,12.7,24.46
steps-cloud-yolo-tailscale,40,000043.jpg,1,plastic_verpakking,0.897,1776617203.054699,1776617203.107581,52.88,374,1776617203.108062,1776617203.108317,1776617203.119678,1776617203.11971,1776617203.132267,11.62,0.03,12.56,24.21
steps-cloud-yolo-tailscale,41,000044.jpg,1,metalen_verpakking,0.9324,1776617203.140121,1776617203.189389,49.27,374,1776617203.189782,1776617203.190031,1776617203.201536,1776617203.201563,1776617203.213912,11.75,0.03,12.35,24.13
steps-cloud-yolo-tailscale,42,000045.JPG,2,plastic_verpakking,0.9511,1776617203.22158,1776617203.272024,50.44,493,1776617203.272379,1776617203.272679,1776617203.284155,1776617203.284183,1776617203.296987,11.78,0.03,12.8,24.61
steps-cloud-yolo-tailscale,43,000046.jpg,2,plastic_verpakking,0.9647,1776617203.304229,1776617203.342738,38.51,497,1776617203.343147,1776617203.343435,1776617203.354929,1776617203.354965,1776617203.367437,11.78,0.04,12.47,24.29
steps-cloud-yolo-tailscale,44,000047.jpg,2,plastic_verpakking,0.9732,1776617203.375162,1776617203.476712,101.55,495,1776617203.481269,1776617203.481596,1776617203.493323,1776617203.493358,1776617203.506049,12.05,0.04,12.69,24.78
steps-cloud-yolo-tailscale,45,000048.JPG,1,plastic_verpakking,0.9746,1776617203.513043,1776617203.564877,51.83,375,1776617203.565587,1776617203.565892,1776617203.577257,1776617203.577286,1776617203.590047,11.67,0.03,12.76,24.46
steps-cloud-yolo-tailscale,46,000049.jpg,5,plastic_verpakking,0.9309,1776617203.597642,1776617203.673067,75.42,857,1776617203.674039,1776617203.674345,1776617203.686184,1776617203.686228,1776617203.69887,12.15,0.04,12.64,24.83
steps-cloud-yolo-tailscale,47,000050.JPG,1,plastic_verpakking,0.7764,1776617203.706196,1776617203.7492,43.0,372,1776617203.74996,1776617203.75028,1776617203.761776,1776617203.761805,1776617203.77468,11.82,0.03,12.87,24.72
steps-cloud-yolo-tailscale,48,000051.jpg,2,plastic_verpakking,0.9529,1776617203.781921,1776617203.862489,80.57,496,1776617203.862856,1776617203.863168,1776617203.874789,1776617203.874823,1776617203.88755,11.93,0.03,12.73,24.69
steps-cloud-yolo-tailscale,49,000052.jpg,4,plastic_verpakking,0.9621,1776617203.894732,1776617203.950016,55.28,733,1776617203.951157,1776617203.951539,1776617203.963108,1776617203.963145,1776617203.975826,11.95,0.04,12.68,24.67
steps-cloud-yolo-tailscale,50,000053.jpg,2,plastic_verpakking,0.9575,1776617203.983147,1776617204.046343,63.2,496,1776617204.04712,1776617204.047433,1776617204.05852,1776617204.058554,1776617204.071446,11.4,0.03,12.89,24.33
steps-cloud-yolo-tailscale,51,000054.jpg,2,plastic_verpakking,0.9609,1776617204.079031,1776617204.136404,57.37,498,1776617204.137329,1776617204.137715,1776617204.149339,1776617204.149377,1776617204.162512,12.01,0.04,13.13,25.18
steps-cloud-yolo-tailscale,52,000055.jpg,3,plastic_verpakking,0.9623,1776617204.169534,1776617204.230659,61.12,617,1776617204.231745,1776617204.232133,1776617204.243571,1776617204.243604,1776617204.256231,11.83,0.03,12.63,24.49
steps-cloud-yolo-tailscale,53,000056.jpg,4,plastic_verpakking,0.9728,1776617204.263877,1776617204.323905,60.03,735,1776617204.325247,1776617204.325598,1776617204.337222,1776617204.337257,1776617204.350163,11.98,0.03,12.91,24.92
steps-cloud-yolo-tailscale,54,000057.jpg,2,plastic_verpakking,0.9192,1776617204.357313,1776617204.429089,71.78,496,1776617204.429781,1776617204.430292,1776617204.441907,1776617204.441946,1776617204.454768,12.13,0.04,12.82,24.99
steps-cloud-yolo-tailscale,55,000058.jpg,1,plastic_verpakking,0.9118,1776617204.46184,1776617204.518896,57.06,376,1776617204.519752,1776617204.520051,1776617204.531415,1776617204.531446,1776617204.544441,11.66,0.03,12.99,24.69
steps-cloud-yolo-tailscale,56,000059.jpg,2,plastic_verpakking,0.9232,1776617204.551722,1776617204.606619,54.9,494,1776617204.607286,1776617204.607639,1776617204.619236,1776617204.619272,1776617204.632222,11.95,0.04,12.95,24.94
steps-cloud-yolo-tailscale,57,000060.jpg,2,plastic_verpakking,0.6992,1776617204.639661,1776617204.672308,32.65,491,1776617204.673249,1776617204.673534,1776617204.685266,1776617204.685299,1776617204.698061,12.02,0.03,12.76,24.81
steps-cloud-yolo-tailscale,58,000061.jpg,1,plastic_verpakking,0.874,1776617204.705295,1776617204.740683,35.39,372,1776617204.740955,1776617204.74124,1776617204.752787,1776617204.752816,1776617204.765589,11.83,0.03,12.77,24.63
steps-cloud-yolo-tailscale,59,000062.jpg,2,plastic_verpakking,0.9629,1776617204.772788,1776617204.805132,32.34,490,1776617204.805532,1776617204.805817,1776617204.817387,1776617204.817417,1776617204.829882,11.85,0.03,12.46,24.35
steps-cloud-yolo-tailscale,60,000063.jpg,2,metalen_verpakking,0.9207,1776617204.837585,1776617204.885721,48.14,496,1776617204.886164,1776617204.886468,1776617204.89781,1776617204.897842,1776617204.911093,11.65,0.03,13.25,24.93
steps-cloud-yolo-tailscale,61,000064.jpg,5,plastic_verpakking,0.8952,1776617204.918045,1776617204.984236,66.19,845,1776617204.988371,1776617204.988696,1776617205.000336,1776617205.000371,1776617205.01304,11.97,0.03,12.67,24.67
steps-cloud-yolo-tailscale,62,000065.jpg,5,metalen_verpakking,0.9292,1776617205.020293,1776617205.128236,107.94,860,1776617205.129264,1776617205.129585,1776617205.141288,1776617205.141326,1776617205.154327,12.02,0.04,13.0,25.06
steps-cloud-yolo-tailscale,63,000066.jpg,3,plastic_verpakking,0.9233,1776617205.161116,1776617205.265266,104.15,610,1776617205.26602,1776617205.266338,1776617205.277858,1776617205.27789,1776617205.29061,11.84,0.03,12.72,24.59
steps-cloud-yolo-tailscale,64,000067.jpg,2,metalen_verpakking,0.9487,1776617205.297976,1776617205.347466,49.49,493,1776617205.348439,1776617205.348739,1776617205.360145,1776617205.360179,1776617205.37296,11.71,0.03,12.78,24.52
steps-cloud-yolo-tailscale,65,000068.jpg,2,metalen_verpakking,0.9683,1776617205.380358,1776617205.418422,38.06,489,1776617205.418864,1776617205.419272,1776617205.430555,1776617205.43059,1776617205.443294,11.69,0.03,12.7,24.43
steps-cloud-yolo-tailscale,66,000069.jpg,1,plastic_verpakking,0.8866,1776617205.451066,1776617205.487513,36.45,373,1776617205.487846,1776617205.488167,1776617205.499879,1776617205.499912,1776617205.513078,12.03,0.03,13.17,25.23
steps-cloud-yolo-tailscale,67,000070.jpg,5,plastic_verpakking,0.6176,1776617205.519955,1776617205.557422,37.47,844,1776617205.558406,1776617205.558702,1776617205.57029,1776617205.570326,1776617205.583383,11.88,0.04,13.06,24.98
steps-cloud-yolo-tailscale,68,000071.jpg,2,plastic_verpakking,0.9512,1776617205.590503,1776617205.661259,70.76,494,1776617205.661671,1776617205.66195,1776617205.673427,1776617205.67346,1776617205.686295,11.76,0.03,12.84,24.62
steps-cloud-yolo-tailscale,69,000072.jpg,2,plastic_verpakking,0.9605,1776617205.693516,1776617205.72631,32.79,491,1776617205.72676,1776617205.727074,1776617205.738689,1776617205.738724,1776617205.751765,11.93,0.04,13.04,25.01
steps-cloud-yolo-tailscale,70,000073.JPG,3,plastic_verpakking,0.9408,1776617205.75885,1776617205.806507,47.66,611,1776617205.807013,1776617205.80731,1776617205.818671,1776617205.818703,1776617205.831669,11.66,0.03,12.97,24.66
steps-cloud-yolo-tailscale,71,000074.jpg,3,plastic_verpakking,0.9617,1776617205.839039,1776617205.876096,37.06,608,1776617205.876711,1776617205.877027,1776617205.888433,1776617205.888469,1776617205.901351,11.72,0.04,12.88,24.64
steps-cloud-yolo-tailscale,72,000075.jpg,2,plastic_verpakking,0.9673,1776617205.908619,1776617205.937647,29.03,492,1776617205.938028,1776617205.938309,1776617205.95002,1776617205.950053,1776617205.962733,11.99,0.03,12.68,24.7
steps-cloud-yolo-tailscale,73,000076.jpg,3,metalen_verpakking,0.9483,1776617205.969911,1776617205.998763,28.85,606,1776617205.999579,1776617205.999877,1776617206.011297,1776617206.011328,1776617206.023873,11.72,0.03,12.54,24.29
steps-cloud-yolo-tailscale,74,000077.jpg,1,plastic_verpakking,0.9751,1776617206.031583,1776617206.060049,28.47,373,1776617206.060387,1776617206.060683,1776617206.072,1776617206.072028,1776617206.084575,11.61,0.03,12.55,24.19
steps-cloud-yolo-tailscale,75,000078.jpg,3,metalen_verpakking,0.9579,1776617206.092622,1776617206.146867,54.24,616,1776617206.147516,1776617206.147779,1776617206.159104,1776617206.159139,1776617206.171767,11.59,0.04,12.63,24.25
steps-cloud-yolo-tailscale,76,000079.jpg,1,plastic_verpakking,0.938,1776617206.179602,1776617206.227451,47.85,370,1776617206.227707,1776617206.227983,1776617206.239381,1776617206.239413,1776617206.252255,11.67,0.03,12.84,24.55
steps-cloud-yolo-tailscale,77,000080.jpg,2,plastic_verpakking,0.9275,1776617206.259712,1776617206.295376,35.66,491,1776617206.295957,1776617206.296273,1776617206.307861,1776617206.307892,1776617206.320347,11.9,0.03,12.45,24.39
steps-cloud-yolo-tailscale,78,000081.jpg,1,plastic_verpakking,0.935,1776617206.32774,1776617206.358257,30.52,373,1776617206.358504,1776617206.358782,1776617206.370301,1776617206.37033,1776617206.383171,11.8,0.03,12.84,24.67
steps-cloud-yolo-tailscale,79,000082.JPG,3,plastic_verpakking,0.8847,1776617206.390339,1776617206.436272,45.93,617,1776617206.436866,1776617206.437138,1776617206.448497,1776617206.448529,1776617206.461094,11.63,0.03,12.57,24.23
steps-cloud-yolo-tailscale,80,000083.JPG,2,plastic_verpakking,0.9158,1776617206.468691,1776617206.529169,60.48,496,1776617206.529655,1776617206.529957,1776617206.541533,1776617206.541564,1776617206.554288,11.88,0.03,12.72,24.63
steps-cloud-yolo-tailscale,81,000085.JPG,1,plastic_verpakking,0.9588,1776617206.561726,1776617206.598412,36.69,375,1776617206.598678,1776617206.599038,1776617206.610054,1776617206.610083,1776617206.623092,11.38,0.03,13.01,24.41
steps-cloud-yolo-tailscale,82,000086.JPG,2,metalen_verpakking,0.9442,1776617206.630897,1776617206.66603,35.13,493,1776617206.666502,1776617206.666808,1776617206.678157,1776617206.678193,1776617206.691051,11.65,0.04,12.86,24.55
steps-cloud-yolo-tailscale,83,000087.JPG,3,plastic_verpakking,0.922,1776617206.698294,1776617206.734257,35.96,609,1776617206.734856,1776617206.735119,1776617206.746681,1776617206.746716,1776617206.759619,11.83,0.03,12.9,24.76
steps-cloud-yolo-tailscale,84,000088.JPG,1,metalen_verpakking,0.8148,1776617206.766797,1776617206.832768,65.97,376,1776617206.833077,1776617206.833378,1776617206.844922,1776617206.844955,1776617206.857651,11.84,0.03,12.7,24.57
steps-cloud-yolo-tailscale,85,000089.JPG,1,plastic_verpakking,0.9566,1776617206.864957,1776617206.919006,54.05,374,1776617206.919255,1776617206.919575,1776617206.931065,1776617206.931093,1776617206.943879,11.81,0.03,12.79,24.62
steps-cloud-yolo-tailscale,86,000090.JPG,2,plastic_verpakking,0.9342,1776617206.951317,1776617206.998166,46.85,493,1776617207.002126,1776617207.002479,1776617207.014024,1776617207.014059,1776617207.026792,11.9,0.04,12.73,24.67
steps-cloud-yolo-tailscale,87,000091.JPG,1,metalen_verpakking,0.9701,1776617207.034184,1776617207.103195,69.01,374,1776617207.10346,1776617207.10376,1776617207.115208,1776617207.115239,1776617207.127941,11.75,0.03,12.7,24.48
steps-cloud-yolo-tailscale,88,000092.JPG,6,plastic_verpakking,0.845,1776617207.135712,1776617207.178767,43.05,974,1776617207.179682,1776617207.180214,1776617207.191951,1776617207.191986,1776617207.204815,12.27,0.04,12.83,25.13
steps-cloud-yolo-tailscale,89,000093.JPG,2,plastic_verpakking,0.9584,1776617207.211883,1776617207.243165,31.28,498,1776617207.243591,1776617207.243886,1776617207.255211,1776617207.255243,1776617207.267924,11.62,0.03,12.68,24.33
steps-cloud-yolo-tailscale,90,000094.JPG,2,plastic_verpakking,0.9458,1776617207.275664,1776617207.322406,46.74,494,1776617207.322788,1776617207.323081,1776617207.334391,1776617207.334421,1776617207.347286,11.6,0.03,12.86,24.5
steps-cloud-yolo-tailscale,91,000095.JPG,1,plastic_verpakking,0.9596,1776617207.354694,1776617207.381888,27.19,375,1776617207.385468,1776617207.385771,1776617207.39737,1776617207.397402,1776617207.409979,11.9,0.03,12.58,24.51
steps-cloud-yolo-tailscale,92,000097.JPG,6,plastic_verpakking,0.9469,1776617207.417706,1776617207.466168,48.46,980,1776617207.467373,1776617207.467693,1776617207.47905,1776617207.479087,1776617207.49199,11.68,0.04,12.9,24.62
steps-cloud-yolo-tailscale,93,000098.JPG,1,metalen_verpakking,0.9468,1776617207.499284,1776617207.546468,47.18,375,1776617207.546917,1776617207.547216,1776617207.558502,1776617207.558534,1776617207.571368,11.58,0.03,12.83,24.45
steps-cloud-yolo-tailscale,94,000099.JPG,5,plastic_verpakking,0.9698,1776617207.578805,1776617207.60839,29.58,860,1776617207.609253,1776617207.609556,1776617207.621091,1776617207.621127,1776617207.633814,11.84,0.04,12.69,24.56
steps-cloud-yolo-tailscale,95,000100.JPG,2,plastic_verpakking,0.9567,1776617207.641207,1776617207.692436,51.23,494,1776617207.6929,1776617207.693243,1776617207.704707,1776617207.704743,1776617207.71735,11.81,0.04,12.61,24.45
steps-cloud-yolo-tailscale,96,000101.JPG,2,plastic_verpakking,0.939,1776617207.725073,1776617207.755064,29.99,496,1776617207.755453,1776617207.75577,1776617207.767134,1776617207.767165,1776617207.780176,11.68,0.03,13.01,24.72
steps-cloud-yolo-tailscale,97,000102.JPG,6,plastic_verpakking,0.9453,1776617207.787645,1776617207.839543,51.9,974,1776617207.840636,1776617207.840924,1776617207.852331,1776617207.852365,1776617207.864939,11.7,0.03,12.57,24.3
steps-cloud-yolo-tailscale,98,000103.JPG,2,plastic_verpakking,0.9066,1776617207.872504,1776617207.91479,42.29,485,1776617207.915163,1776617207.915435,1776617207.927014,1776617207.927042,1776617207.939643,11.85,0.03,12.6,24.48
steps-cloud-yolo-tailscale,99,000104.JPG,2,plastic_verpakking,0.9707,1776617207.947013,1776617207.97857,31.56,494,1776617207.978941,1776617207.979212,1776617207.990683,1776617207.990717,1776617208.003279,11.74,0.03,12.56,24.34
steps-cloud-yolo-tailscale,100,test.jpg,1,metalen_verpakking,0.9686,1776617208.011038,1776617208.0716,60.56,373,1776617208.071857,1776617208.072126,1776617208.083711,1776617208.083742,1776617208.096117,11.85,0.03,12.38,24.26
steps-cloud-yolo-tailscale,1,000000.jpg,4,metalen_verpakking,0.9391,1776617413.919476,1776617415.847805,1928.33,726,1776617415.856094,1776617415.856488,1776617415.867788,1776617415.867828,1776617415.880686,11.69,0.04,12.86,24.59
steps-cloud-yolo-tailscale,2,000001.jpg,1,plastic_verpakking,0.9378,1776617415.888266,1776617416.06262,174.35,377,1776617416.063317,1776617416.063665,1776617416.07518,1776617416.075212,1776617416.087721,11.86,0.03,12.51,24.4
steps-cloud-yolo-tailscale,3,000002.jpg,1,plastic_verpakking,0.7975,1776617416.095464,1776617416.19638,100.92,376,1776617416.197144,1776617416.197469,1776617416.209002,1776617416.209031,1776617416.221531,11.86,0.03,12.5,24.39
steps-cloud-yolo-tailscale,4,000003.jpg,1,plastic_verpakking,0.935,1776617416.229012,1776617416.349717,120.71,374,1776617416.350195,1776617416.350499,1776617416.362344,1776617416.362609,1776617416.375204,12.15,0.26,12.6,25.01
steps-cloud-yolo-tailscale,5,000004.jpg,1,plastic_verpakking,0.8714,1776617416.382157,1776617416.524649,142.49,371,1776617416.525536,1776617416.525896,1776617416.537403,1776617416.537435,1776617416.55011,11.87,0.03,12.67,24.57
steps-cloud-yolo-tailscale,6,000005.jpg,1,plastic_verpakking,0.9639,1776617416.557709,1776617416.698921,141.21,374,1776617416.699588,1776617416.699921,1776617416.711428,1776617416.71146,1776617416.724198,11.84,0.03,12.74,24.61
steps-cloud-yolo-tailscale,7,000006.jpg,1,plastic_verpakking,0.8271,1776617416.731555,1776617416.85025,118.69,377,1776617416.850977,1776617416.851284,1776617416.863009,1776617416.863043,1776617416.875833,12.03,0.03,12.79,24.86
steps-cloud-yolo-tailscale,8,000007.jpg,2,plastic_verpakking,0.9495,1776617416.883038,1776617417.035327,152.29,495,1776617417.036426,1776617417.036778,1776617417.048587,1776617417.048622,1776617417.061172,12.16,0.04,12.55,24.75
steps-cloud-yolo-tailscale,9,000009.jpg,0,,,1776617417.068635,1776617417.184612,115.98,258,1776617417.185133,1776617417.185526,1776617417.197016,1776617417.197044,1776617417.209875,11.88,0.03,12.83,24.74
steps-cloud-yolo-tailscale,10,000010.jpg,8,plastic_verpakking,0.8824,1776617417.21716,1776617417.363681,146.52,1210,1776617417.367069,1776617417.367406,1776617417.379175,1776617417.379212,1776617417.391867,12.11,0.04,12.66,24.8
steps-cloud-yolo-tailscale,11,000011.jpg,2,plastic_verpakking,0.931,1776617417.399123,1776617417.510718,111.59,495,1776617417.51161,1776617417.511907,1776617417.524002,1776617417.524039,1776617417.536569,12.39,0.04,12.53,24.96
steps-cloud-yolo-tailscale,12,000012.jpg,3,plastic_verpakking,0.9272,1776617417.543739,1776617417.663885,120.15,612,1776617417.664644,1776617417.664969,1776617417.676741,1776617417.676778,1776617417.689756,12.1,0.04,12.98,25.11
steps-cloud-yolo-tailscale,13,000013.jpg,6,metalen_verpakking,0.9585,1776617417.696668,1776617417.855065,158.4,969,1776617417.856429,1776617417.856721,1776617417.868399,1776617417.868435,1776617417.881154,11.97,0.04,12.72,24.72
steps-cloud-yolo-tailscale,14,000014.jpg,1,plastic_verpakking,0.8622,1776617417.888543,1776617417.97127,82.73,376,1776617417.971753,1776617417.97206,1776617417.983673,1776617417.983707,1776617417.996492,11.92,0.03,12.79,24.74
steps-cloud-yolo-tailscale,15,000015.jpg,6,plastic_verpakking,0.9509,1776617418.003753,1776617418.080607,76.85,973,1776617418.081471,1776617418.081773,1776617418.093394,1776617418.093431,1776617418.106098,11.92,0.04,12.67,24.63
steps-cloud-yolo-tailscale,16,000017.jpg,3,plastic_verpakking,0.9515,1776617418.113538,1776617418.170329,56.79,616,1776617418.174003,1776617418.174334,1776617418.185966,1776617418.185999,1776617418.198411,11.96,0.03,12.41,24.41
steps-cloud-yolo-tailscale,17,000019.jpg,5,plastic_verpakking,0.9257,1776617418.206015,1776617418.247232,41.22,843,1776617418.248203,1776617418.248535,1776617418.259901,1776617418.25994,1776617418.272574,11.7,0.04,12.63,24.37
steps-cloud-yolo-tailscale,18,000020.jpg,3,metalen_verpakking,0.9745,1776617418.280162,1776617418.313401,33.24,610,1776617418.314025,1776617418.314295,1776617418.325881,1776617418.325914,1776617418.338597,11.86,0.03,12.68,24.57
steps-cloud-yolo-tailscale,19,000021.jpg,2,plastic_verpakking,0.961,1776617418.346032,1776617418.374469,28.44,489,1776617418.374872,1776617418.375137,1776617418.386419,1776617418.386446,1776617418.399152,11.55,0.03,12.71,24.28
steps-cloud-yolo-tailscale,20,000022.jpg,6,plastic_verpakking,0.9679,1776617418.406879,1776617418.43428,27.4,972,1776617418.435395,1776617418.435686,1776617418.447157,1776617418.447193,1776617418.45971,11.76,0.04,12.52,24.32
steps-cloud-yolo-tailscale,21,000023.jpg,1,plastic_verpakking,0.9498,1776617418.467384,1776617418.49371,26.33,373,1776617418.493955,1776617418.494205,1776617418.50562,1776617418.50565,1776617418.518069,11.67,0.03,12.42,24.11
steps-cloud-yolo-tailscale,22,000024.jpg,12,plastic_verpakking,0.9204,1776617418.525877,1776617418.558957,33.08,1672,1776617418.561,1776617418.5613,1776617418.572785,1776617418.57283,1776617418.585351,11.79,0.04,12.52,24.35
steps-cloud-yolo-tailscale,23,000025.jpg,0,,,1776617418.593028,1776617418.627961,34.93,258,1776617418.628029,1776617418.628353,1776617418.639299,1776617418.639325,1776617418.652369,11.27,0.03,13.04,24.34
steps-cloud-yolo-tailscale,24,000026.jpg,2,plastic_verpakking,0.9372,1776617418.659839,1776617418.690596,30.76,494,1776617418.690996,1776617418.691305,1776617418.70266,1776617418.70269,1776617418.715269,11.66,0.03,12.58,24.27
steps-cloud-yolo-tailscale,25,000027.jpg,1,plastic_verpakking,0.9672,1776617418.72307,1776617418.749906,26.84,372,1776617418.750161,1776617418.750435,1776617418.761968,1776617418.762,1776617418.774706,11.81,0.03,12.71,24.54
steps-cloud-yolo-tailscale,26,000028.jpg,5,plastic_verpakking,0.9386,1776617418.782034,1776617418.811553,29.52,843,1776617418.812466,1776617418.812879,1776617418.824506,1776617418.824544,1776617418.83709,12.04,0.04,12.55,24.62
steps-cloud-yolo-tailscale,27,000029.jpg,24,plastic_verpakking,0.9519,1776617418.844527,1776617418.881046,36.52,3091,1776617418.885706,1776617418.886066,1776617418.897785,1776617418.897849,1776617418.910343,12.08,0.06,12.49,24.64
steps-cloud-yolo-tailscale,28,000030.jpg,3,metalen_verpakking,0.975,1776617418.917816,1776617418.955509,37.69,612,1776617418.956184,1776617418.956487,1776617418.968002,1776617418.968037,1776617418.981012,11.82,0.03,12.97,24.83
steps-cloud-yolo-tailscale,29,000031.jpg,1,plastic_verpakking,0.9449,1776617418.988301,1776617419.079163,90.86,376,1776617419.079493,1776617419.079776,1776617419.091158,1776617419.091188,1776617419.103875,11.67,0.03,12.69,24.38
steps-cloud-yolo-tailscale,30,000032.jpg,1,plastic_verpakking,0.8382,1776617419.111365,1776617419.195298,83.93,377,1776617419.196043,1776617419.19636,1776617419.207821,1776617419.207856,1776617419.22056,11.78,0.03,12.7,24.52
steps-cloud-yolo-tailscale,31,000033.jpg,1,plastic_verpakking,0.9541,1776617419.228047,1776617419.32618,98.13,374,1776617419.326741,1776617419.327036,1776617419.338347,1776617419.338375,1776617419.350952,11.61,0.03,12.58,24.21
steps-cloud-yolo-tailscale,32,000034.jpg,2,plastic_verpakking,0.9683,1776617419.35876,1776617419.432198,73.44,492,1776617419.433199,1776617419.433501,1776617419.444885,1776617419.444919,1776617419.457564,11.69,0.03,12.65,24.36
steps-cloud-yolo-tailscale,33,000035.jpg,1,metalen_verpakking,0.9525,1776617419.465101,1776617419.547855,82.75,375,1776617419.548422,1776617419.548721,1776617419.560213,1776617419.560272,1776617419.572898,11.79,0.06,12.63,24.48
steps-cloud-yolo-tailscale,34,000036.jpg,1,plastic_verpakking,0.9627,1776617419.580411,1776617419.672192,91.78,377,1776617419.672901,1776617419.673194,1776617419.684608,1776617419.684638,1776617419.697448,11.71,0.03,12.81,24.55
steps-cloud-yolo-tailscale,35,000037.JPG,8,plastic_verpakking,0.9174,1776617419.704919,1776617419.745631,40.71,1203,1776617419.747752,1776617419.748082,1776617419.75969,1776617419.75973,1776617419.772509,11.94,0.04,12.78,24.76
steps-cloud-yolo-tailscale,36,000038.jpg,3,metalen_verpakking,0.8841,1776617419.779887,1776617419.905831,125.94,616,1776617419.906327,1776617419.906619,1776617419.918476,1776617419.918508,1776617419.931103,12.15,0.03,12.59,24.78
steps-cloud-yolo-tailscale,37,000039.jpg,1,plastic_verpakking,0.956,1776617419.938231,1776617420.037622,99.39,376,1776617420.038378,1776617420.038667,1776617420.050133,1776617420.050159,1776617420.062908,11.75,0.03,12.75,24.53
steps-cloud-yolo-tailscale,38,000040.JPG,2,plastic_verpakking,0.6736,1776617420.070176,1776617420.15679,86.61,491,1776617420.1581,1776617420.158468,1776617420.169818,1776617420.16985,1776617420.182425,11.72,0.03,12.58,24.33
steps-cloud-yolo-tailscale,39,000041.JPG,2,metalen_verpakking,0.9576,1776617420.190086,1776617420.248043,57.96,497,1776617420.249287,1776617420.249611,1776617420.261041,1776617420.261075,1776617420.273993,11.75,0.03,12.92,24.71
steps-cloud-yolo-tailscale,40,000043.jpg,1,plastic_verpakking,0.897,1776617420.281397,1776617420.334428,53.03,373,1776617420.334813,1776617420.335229,1776617420.34678,1776617420.346808,1776617420.359185,11.97,0.03,12.38,24.37
steps-cloud-yolo-tailscale,41,000044.jpg,1,metalen_verpakking,0.9324,1776617420.366949,1776617420.396664,29.72,374,1776617420.396895,1776617420.397187,1776617420.408672,1776617420.408698,1776617420.421437,11.78,0.03,12.74,24.54
steps-cloud-yolo-tailscale,42,000045.JPG,2,plastic_verpakking,0.9511,1776617420.429054,1776617420.48224,53.19,492,1776617420.482731,1776617420.483002,1776617420.49448,1776617420.494509,1776617420.50741,11.75,0.03,12.9,24.68
steps-cloud-yolo-tailscale,43,000046.jpg,2,plastic_verpakking,0.9647,1776617420.514822,1776617420.562946,48.12,495,1776617420.56345,1776617420.563744,1776617420.575341,1776617420.575374,1776617420.587883,11.89,0.03,12.51,24.43
steps-cloud-yolo-tailscale,44,000047.jpg,2,plastic_verpakking,0.9732,1776617420.595372,1776617420.663743,68.37,496,1776617420.666835,1776617420.667146,1776617420.678669,1776617420.678703,1776617420.691566,11.83,0.03,12.86,24.73
steps-cloud-yolo-tailscale,45,000048.JPG,1,plastic_verpakking,0.9746,1776617420.69881,1776617420.75504,56.23,375,1776617420.755553,1776617420.755834,1776617420.76724,1776617420.767272,1776617420.780059,11.69,0.03,12.79,24.51
steps-cloud-yolo-tailscale,46,000049.jpg,5,plastic_verpakking,0.9309,1776617420.787559,1776617420.867267,79.71,858,1776617420.86821,1776617420.868513,1776617420.880196,1776617420.880275,1776617420.892732,11.99,0.08,12.46,24.52
steps-cloud-yolo-tailscale,47,000050.JPG,1,plastic_verpakking,0.7764,1776617420.899892,1776617420.935763,35.87,373,1776617420.936505,1776617420.936792,1776617420.947983,1776617420.948011,1776617420.960704,11.48,0.03,12.69,24.2
steps-cloud-yolo-tailscale,48,000051.jpg,2,plastic_verpakking,0.9529,1776617420.968268,1776617421.054928,86.66,497,1776617421.055361,1776617421.055634,1776617421.067202,1776617421.067237,1776617421.080021,11.84,0.04,12.78,24.66
steps-cloud-yolo-tailscale,49,000052.jpg,4,plastic_verpakking,0.9621,1776617421.087187,1776617421.14884,61.65,733,1776617421.150058,1776617421.150385,1776617421.161931,1776617421.161968,1776617421.174507,11.87,0.04,12.54,24.45
steps-cloud-yolo-tailscale,50,000053.jpg,2,plastic_verpakking,0.9575,1776617421.181984,1776617421.241364,59.38,497,1776617421.242043,1776617421.242334,1776617421.253915,1776617421.253952,1776617421.266578,11.87,0.04,12.63,24.54
steps-cloud-yolo-tailscale,51,000054.jpg,2,plastic_verpakking,0.9609,1776617421.274032,1776617421.335132,61.1,496,1776617421.336002,1776617421.336325,1776617421.347803,1776617421.347833,1776617421.360512,11.8,0.03,12.68,24.51
steps-cloud-yolo-tailscale,52,000055.jpg,3,plastic_verpakking,0.9623,1776617421.36804,1776617421.423986,55.95,617,1776617421.424977,1776617421.425278,1776617421.436651,1776617421.436696,1776617421.449342,11.67,0.05,12.65,24.37
steps-cloud-yolo-tailscale,53,000056.jpg,4,plastic_verpakking,0.9728,1776617421.45706,1776617421.512978,55.92,735,1776617421.514184,1776617421.514467,1776617421.525896,1776617421.525929,1776617421.538683,11.71,0.03,12.75,24.5
steps-cloud-yolo-tailscale,54,000057.jpg,2,plastic_verpakking,0.9192,1776617421.546052,1776617421.610493,64.44,496,1776617421.611184,1776617421.611454,1776617421.622926,1776617421.62296,1776617421.635864,11.74,0.03,12.9,24.68
steps-cloud-yolo-tailscale,55,000058.jpg,1,plastic_verpakking,0.9118,1776617421.64306,1776617421.706176,63.12,375,1776617421.706916,1776617421.707214,1776617421.718571,1776617421.718602,1776617421.73115,11.66,0.03,12.55,24.23
steps-cloud-yolo-tailscale,56,000059.jpg,2,plastic_verpakking,0.9232,1776617421.739025,1776617421.793015,53.99,496,1776617421.793684,1776617421.79398,1776617421.805631,1776617421.805666,1776617421.818479,11.95,0.03,12.81,24.79
steps-cloud-yolo-tailscale,57,000060.jpg,2,plastic_verpakking,0.6992,1776617421.825665,1776617421.858809,33.14,491,1776617421.859764,1776617421.860051,1776617421.871702,1776617421.871734,1776617421.884536,11.94,0.03,12.8,24.77
steps-cloud-yolo-tailscale,58,000061.jpg,1,plastic_verpakking,0.874,1776617421.891804,1776617421.930069,38.26,373,1776617421.930365,1776617421.930674,1776617421.942037,1776617421.942073,1776617421.954801,11.67,0.04,12.73,24.44
steps-cloud-yolo-tailscale,59,000062.jpg,2,plastic_verpakking,0.9629,1776617421.962314,1776617422.00207,39.76,492,1776617422.002592,1776617422.002975,1776617422.014564,1776617422.014597,1776617422.027303,11.97,0.03,12.71,24.71
steps-cloud-yolo-tailscale,60,000063.jpg,2,metalen_verpakking,0.9207,1776617422.034581,1776617422.08746,52.88,495,1776617422.087968,1776617422.088289,1776617422.099566,1776617422.099597,1776617422.112279,11.6,0.03,12.68,24.31
steps-cloud-yolo-tailscale,61,000064.jpg,5,plastic_verpakking,0.8952,1776617422.119707,1776617422.239814,120.11,846,1776617422.240743,1776617422.241046,1776617422.252371,1776617422.252404,1776617422.264959,11.63,0.03,12.55,24.22
steps-cloud-yolo-tailscale,62,000065.jpg,5,metalen_verpakking,0.9292,1776617422.272929,1776617422.358679,85.75,859,1776617422.359965,1776617422.360272,1776617422.371925,1776617422.371961,1776617422.384603,11.96,0.04,12.64,24.64
steps-cloud-yolo-tailscale,63,000066.jpg,3,plastic_verpakking,0.9233,1776617422.39203,1776617422.480592,88.56,610,1776617422.481475,1776617422.481771,1776617422.493207,1776617422.49324,1776617422.506421,11.73,0.03,13.18,24.95
steps-cloud-yolo-tailscale,64,000067.jpg,2,metalen_verpakking,0.9487,1776617422.513451,1776617422.547125,33.67,494,1776617422.54804,1776617422.548369,1776617422.559923,1776617422.559953,1776617422.572671,11.88,0.03,12.72,24.63
steps-cloud-yolo-tailscale,65,000068.jpg,2,metalen_verpakking,0.9683,1776617422.579894,1776617422.615013,35.12,488,1776617422.615479,1776617422.615758,1776617422.627265,1776617422.627299,1776617422.640029,11.79,0.03,12.73,24.55
steps-cloud-yolo-tailscale,66,000069.jpg,1,plastic_verpakking,0.8866,1776617422.647531,1776617422.679746,32.22,374,1776617422.680024,1776617422.680319,1776617422.691459,1776617422.691489,1776617422.704075,11.44,0.03,12.59,24.05
steps-cloud-yolo-tailscale,67,000070.jpg,5,plastic_verpakking,0.6176,1776617422.711795,1776617422.743972,32.18,844,1776617422.744745,1776617422.745054,1776617422.756477,1776617422.756514,1776617422.769129,11.73,0.04,12.61,24.38
steps-cloud-yolo-tailscale,68,000071.jpg,2,plastic_verpakking,0.9512,1776617422.776616,1776617422.843216,66.6,493,1776617422.843635,1776617422.843939,1776617422.855494,1776617422.855526,1776617422.86838,11.86,0.03,12.85,24.74
steps-cloud-yolo-tailscale,69,000072.jpg,2,plastic_verpakking,0.9605,1776617422.875627,1776617422.909741,34.11,492,1776617422.915519,1776617422.915817,1776617422.927459,1776617422.927492,1776617422.940175,11.94,0.03,12.68,24.66
steps-cloud-yolo-tailscale,70,000073.JPG,3,plastic_verpakking,0.9408,1776617422.947502,1776617423.010257,62.75,611,1776617423.010751,1776617423.01103,1776617423.022702,1776617423.022736,1776617423.035467,11.95,0.03,12.73,24.72
steps-cloud-yolo-tailscale,71,000074.jpg,3,plastic_verpakking,0.9617,1776617423.042735,1776617423.072947,30.21,608,1776617423.073502,1776617423.073789,1776617423.085349,1776617423.085378,1776617423.097801,11.85,0.03,12.42,24.3
steps-cloud-yolo-tailscale,72,000075.jpg,2,plastic_verpakking,0.9673,1776617423.105471,1776617423.13439,28.92,492,1776617423.134749,1776617423.135022,1776617423.146775,1776617423.146808,1776617423.159351,12.03,0.03,12.54,24.6
steps-cloud-yolo-tailscale,73,000076.jpg,3,metalen_verpakking,0.9483,1776617423.16664,1776617423.194608,27.97,605,1776617423.195167,1776617423.19547,1776617423.207026,1776617423.207063,1776617423.219888,11.86,0.04,12.83,24.72
steps-cloud-yolo-tailscale,74,000077.jpg,1,plastic_verpakking,0.9751,1776617423.227031,1776617423.250721,23.69,374,1776617423.251,1776617423.25132,1776617423.262743,1776617423.262773,1776617423.275592,11.74,0.03,12.82,24.59
steps-cloud-yolo-tailscale,75,000078.jpg,3,metalen_verpakking,0.9579,1776617423.282942,1776617423.329097,46.16,616,1776617423.329645,1776617423.329921,1776617423.341562,1776617423.341596,1776617423.354749,11.92,0.03,13.15,25.1
steps-cloud-yolo-tailscale,76,000079.jpg,1,plastic_verpakking,0.938,1776617423.361591,1776617423.423034,61.44,372,1776617423.423289,1776617423.423569,1776617423.435143,1776617423.435177,1776617423.448358,11.85,0.03,13.18,25.07
steps-cloud-yolo-tailscale,77,000080.jpg,2,plastic_verpakking,0.9275,1776617423.455219,1776617423.486248,31.03,492,1776617423.491279,1776617423.491704,1776617423.503124,1776617423.503154,1776617423.515514,11.85,0.03,12.36,24.24
steps-cloud-yolo-tailscale,78,000081.jpg,1,plastic_verpakking,0.935,1776617423.523428,1776617423.561841,38.41,372,1776617423.562131,1776617423.562402,1776617423.573921,1776617423.573953,1776617423.586699,11.79,0.03,12.75,24.57
steps-cloud-yolo-tailscale,79,000082.JPG,3,plastic_verpakking,0.8847,1776617423.594166,1776617423.659643,65.48,618,1776617423.660187,1776617423.660492,1776617423.67204,1776617423.672076,1776617423.684993,11.85,0.04,12.92,24.81
steps-cloud-yolo-tailscale,80,000083.JPG,2,plastic_verpakking,0.9158,1776617423.692172,1776617423.749471,57.3,495,1776617423.749898,1776617423.750201,1776617423.761538,1776617423.761569,1776617423.774447,11.64,0.03,12.88,24.55
steps-cloud-yolo-tailscale,81,000085.JPG,1,plastic_verpakking,0.9588,1776617423.781991,1776617423.825413,43.42,376,1776617423.825679,1776617423.825999,1776617423.837499,1776617423.83753,1776617423.850362,11.82,0.03,12.83,24.68
steps-cloud-yolo-tailscale,82,000086.JPG,2,metalen_verpakking,0.9442,1776617423.857694,1776617423.889666,31.97,493,1776617423.890101,1776617423.890367,1776617423.902009,1776617423.902043,1776617423.914596,11.91,0.03,12.55,24.49
steps-cloud-yolo-tailscale,83,000087.JPG,3,plastic_verpakking,0.922,1776617423.922101,1776617423.959206,37.11,608,1776617423.959825,1776617423.960132,1776617423.971499,1776617423.971535,1776617423.984096,11.67,0.04,12.56,24.27
steps-cloud-yolo-tailscale,84,000088.JPG,1,metalen_verpakking,0.8148,1776617423.992013,1776617424.043921,51.91,376,1776617424.044148,1776617424.04443,1776617424.05595,1776617424.055982,1776617424.068723,11.8,0.03,12.74,24.57
steps-cloud-yolo-tailscale,85,000089.JPG,1,plastic_verpakking,0.9566,1776617424.076042,1776617424.120639,44.6,375,1776617424.120913,1776617424.121223,1776617424.13272,1776617424.13275,1776617424.145517,11.81,0.03,12.77,24.6
steps-cloud-yolo-tailscale,86,000090.JPG,2,plastic_verpakking,0.9342,1776617424.153419,1776617424.215439,62.02,492,1776617424.216148,1776617424.21643,1776617424.227782,1776617424.227815,1776617424.240517,11.63,0.03,12.7,24.37
steps-cloud-yolo-tailscale,87,000091.JPG,1,metalen_verpakking,0.9701,1776617424.248072,1776617424.315004,66.93,374,1776617424.315441,1776617424.315728,1776617424.327132,1776617424.327165,1776617424.340149,11.69,0.03,12.98,24.71
steps-cloud-yolo-tailscale,88,000092.JPG,6,plastic_verpakking,0.845,1776617424.347695,1776617424.392846,45.15,975,1776617424.393781,1776617424.394074,1776617424.405436,1776617424.40547,1776617424.4181,11.65,0.03,12.63,24.32
steps-cloud-yolo-tailscale,89,000093.JPG,2,plastic_verpakking,0.9584,1776617424.425857,1776617424.456128,30.27,498,1776617424.456532,1776617424.456803,1776617424.468311,1776617424.468339,1776617424.480975,11.78,0.03,12.64,24.44
steps-cloud-yolo-tailscale,90,000094.JPG,2,plastic_verpakking,0.9458,1776617424.48854,1776617424.555393,66.85,495,1776617424.556073,1776617424.556398,1776617424.567906,1776617424.56794,1776617424.580592,11.83,0.03,12.65,24.52
steps-cloud-yolo-tailscale,91,000095.JPG,1,plastic_verpakking,0.9596,1776617424.588135,1776617424.61456,26.43,375,1776617424.614789,1776617424.61504,1776617424.626501,1776617424.626532,1776617424.639393,11.71,0.03,12.86,24.6
steps-cloud-yolo-tailscale,92,000097.JPG,6,plastic_verpakking,0.9469,1776617424.646769,1776617424.718,71.23,979,1776617424.720145,1776617424.720652,1776617424.732254,1776617424.732316,1776617424.745323,12.11,0.06,13.01,25.18
steps-cloud-yolo-tailscale,93,000098.JPG,1,metalen_verpakking,0.9468,1776617424.752496,1776617424.81911,66.61,374,1776617424.820759,1776617424.821073,1776617424.832667,1776617424.832697,1776617424.845698,11.91,0.03,13.0,24.94
steps-cloud-yolo-tailscale,94,000099.JPG,5,plastic_verpakking,0.9698,1776617424.853244,1776617424.883065,29.82,860,1776617424.883985,1776617424.884293,1776617424.896002,1776617424.89604,1776617424.908653,12.02,0.04,12.61,24.67
steps-cloud-yolo-tailscale,95,000100.JPG,2,plastic_verpakking,0.9567,1776617424.916039,1776617424.974093,58.05,494,1776617424.974665,1776617424.97494,1776617424.986502,1776617424.986533,1776617424.999231,11.84,0.03,12.7,24.57
steps-cloud-yolo-tailscale,96,000101.JPG,2,plastic_verpakking,0.939,1776617425.00661,1776617425.05963,53.02,497,1776617425.060375,1776617425.060648,1776617425.072262,1776617425.072297,1776617425.085005,11.89,0.04,12.71,24.63
steps-cloud-yolo-tailscale,97,000102.JPG,6,plastic_verpakking,0.9453,1776617425.092593,1776617425.139893,47.3,974,1776617425.140837,1776617425.141195,1776617425.152445,1776617425.152482,1776617425.165305,11.61,0.04,12.82,24.47
steps-cloud-yolo-tailscale,98,000103.JPG,2,plastic_verpakking,0.9066,1776617425.172919,1776617425.210005,37.09,487,1776617425.21041,1776617425.210709,1776617425.222121,1776617425.222155,1776617425.234822,11.71,0.03,12.67,24.41
steps-cloud-yolo-tailscale,99,000104.JPG,2,plastic_verpakking,0.9707,1776617425.242476,1776617425.274904,32.43,495,1776617425.275382,1776617425.275666,1776617425.286632,1776617425.286664,1776617425.299442,11.25,0.03,12.78,24.06
steps-cloud-yolo-tailscale,100,test.jpg,1,metalen_verpakking,0.9686,1776617425.307297,1776617425.402867,95.57,372,1776617425.403307,1776617425.403588,1776617425.414845,1776617425.414874,1776617425.427793,11.54,0.03,12.92,24.49
steps-cloud-yolo-tailscale,1,000000.jpg,4,metalen_verpakking,0.9391,1776617583.79513,1776617585.685975,1890.84,726,1776617585.693767,1776617585.694085,1776617585.70558,1776617585.705623,1776617585.718307,11.81,0.04,12.68,24.54
steps-cloud-yolo-tailscale,2,000001.jpg,1,plastic_verpakking,0.9378,1776617585.725962,1776617585.86697,141.01,375,1776617585.867503,1776617585.867831,1776617585.879317,1776617585.87935,1776617585.892246,11.81,0.03,12.9,24.74
steps-cloud-yolo-tailscale,3,000002.jpg,1,plastic_verpakking,0.7975,1776617585.899556,1776617586.001455,101.9,375,1776617586.002074,1776617586.002401,1776617586.01387,1776617586.013903,1776617586.026468,11.8,0.03,12.56,24.39
steps-cloud-yolo-tailscale,4,000003.jpg,1,plastic_verpakking,0.935,1776617586.034077,1776617586.15507,120.99,373,1776617586.155551,1776617586.155843,1776617586.167307,1776617586.16734,1776617586.180157,11.76,0.03,12.82,24.61
steps-cloud-yolo-tailscale,5,000004.jpg,1,plastic_verpakking,0.8714,1776617586.18758,1776617586.303988,116.41,372,1776617586.304482,1776617586.304789,1776617586.31603,1776617586.316062,1776617586.32879,11.55,0.03,12.73,24.31
steps-cloud-yolo-tailscale,6,000005.jpg,1,plastic_verpakking,0.9639,1776617586.336657,1776617586.476393,139.74,375,1776617586.477647,1776617586.478107,1776617586.489527,1776617586.489558,1776617586.502174,11.88,0.03,12.62,24.53
steps-cloud-yolo-tailscale,7,000006.jpg,1,plastic_verpakking,0.8271,1776617586.509768,1776617586.630618,120.85,377,1776617586.631126,1776617586.631428,1776617586.642835,1776617586.64287,1776617586.655675,11.71,0.03,12.81,24.55
steps-cloud-yolo-tailscale,8,000007.jpg,2,plastic_verpakking,0.9495,1776617586.662875,1776617586.779645,116.77,496,1776617586.780399,1776617586.780747,1776617586.792172,1776617586.792205,1776617586.804874,11.77,0.03,12.67,24.48
steps-cloud-yolo-tailscale,9,000009.jpg,0,,,1776617586.812416,1776617586.928249,115.83,258,1776617586.928534,1776617586.928811,1776617586.940362,1776617586.940393,1776617586.953154,11.83,0.03,12.76,24.62
steps-cloud-yolo-tailscale,10,000010.jpg,8,plastic_verpakking,0.8824,1776617586.960632,1776617587.096606,135.97,1210,1776617587.099363,1776617587.099712,1776617587.111114,1776617587.111156,1776617587.123502,11.75,0.04,12.35,24.14
steps-cloud-yolo-tailscale,11,000011.jpg,2,plastic_verpakking,0.931,1776617587.131211,1776617587.262748,131.54,495,1776617587.263782,1776617587.264081,1776617587.275706,1776617587.275734,1776617587.288161,11.92,0.03,12.43,24.38
steps-cloud-yolo-tailscale,12,000012.jpg,3,plastic_verpakking,0.9272,1776617587.29582,1776617587.412003,116.18,614,1776617587.412811,1776617587.413249,1776617587.424922,1776617587.424957,1776617587.437356,12.11,0.04,12.4,24.54
steps-cloud-yolo-tailscale,13,000013.jpg,6,metalen_verpakking,0.9585,1776617587.444828,1776617587.584215,139.39,970,1776617587.586482,1776617587.586794,1776617587.598264,1776617587.598298,1776617587.610851,11.78,0.03,12.55,24.37
steps-cloud-yolo-tailscale,14,000014.jpg,1,plastic_verpakking,0.8622,1776617587.619659,1776617587.729392,109.73,376,1776617587.72994,1776617587.730231,1776617587.741753,1776617587.74178,1776617587.754404,11.81,0.03,12.62,24.46
steps-cloud-yolo-tailscale,15,000015.jpg,6,plastic_verpakking,0.9509,1776617587.762099,1776617587.844705,82.61,973,1776617587.84578,1776617587.846072,1776617587.857712,1776617587.857762,1776617587.870203,11.93,0.05,12.44,24.42
steps-cloud-yolo-tailscale,16,000017.jpg,3,plastic_verpakking,0.9515,1776617587.877728,1776617587.938756,61.03,615,1776617587.942218,1776617587.942516,1776617587.95396,1776617587.953993,1776617587.966254,11.74,0.03,12.26,24.04
steps-cloud-yolo-tailscale,17,000019.jpg,5,plastic_verpakking,0.9257,1776617587.974363,1776617588.016359,42.0,840,1776617588.017284,1776617588.01759,1776617588.029036,1776617588.029071,1776617588.041563,11.75,0.04,12.49,24.28
steps-cloud-yolo-tailscale,18,000020.jpg,3,metalen_verpakking,0.9745,1776617588.049439,1776617588.083964,34.52,610,1776617588.084569,1776617588.084839,1776617588.097183,1776617588.097218,1776617588.109847,12.61,0.04,12.63,25.28
steps-cloud-yolo-tailscale,19,000021.jpg,2,plastic_verpakking,0.961,1776617588.116487,1776617588.152877,36.39,490,1776617588.153345,1776617588.153642,1776617588.16519,1776617588.16523,1776617588.177991,11.85,0.04,12.76,24.65
steps-cloud-yolo-tailscale,20,000022.jpg,6,plastic_verpakking,0.9679,1776617588.185278,1776617588.213739,28.46,972,1776617588.214747,1776617588.215068,1776617588.226491,1776617588.22653,1776617588.239338,11.74,0.04,12.81,24.59
steps-cloud-yolo-tailscale,21,000023.jpg,1,plastic_verpakking,0.9498,1776617588.246708,1776617588.280178,33.47,372,1776617588.280471,1776617588.280756,1776617588.292221,1776617588.292253,1776617588.304937,11.75,0.03,12.68,24.47
steps-cloud-yolo-tailscale,22,000024.jpg,12,plastic_verpakking,0.9204,1776617588.312383,1776617588.344989,32.61,1672,1776617588.346986,1776617588.347295,1776617588.358592,1776617588.358639,1776617588.371115,11.61,0.05,12.48,24.13
steps-cloud-yolo-tailscale,23,000025.jpg,0,,,1776617588.378916,1776617588.415569,36.65,258,1776617588.415639,1776617588.415912,1776617588.427085,1776617588.427112,1776617588.439654,11.45,0.03,12.54,24.01
steps-cloud-yolo-tailscale,24,000026.jpg,2,plastic_verpakking,0.9372,1776617588.447708,1776617588.481998,34.29,494,1776617588.482368,1776617588.482661,1776617588.494087,1776617588.494118,1776617588.506633,11.72,0.03,12.51,24.26
steps-cloud-yolo-tailscale,25,000027.jpg,1,plastic_verpakking,0.9672,1776617588.514578,1776617588.541915,27.34,372,1776617588.542184,1776617588.542468,1776617588.553738,1776617588.553768,1776617588.56653,11.55,0.03,12.76,24.35
steps-cloud-yolo-tailscale,26,000028.jpg,5,plastic_verpakking,0.9386,1776617588.574057,1776617588.604352,30.29,842,1776617588.605229,1776617588.605523,1776617588.617275,1776617588.617311,1776617588.630006,12.05,0.04,12.7,24.78
steps-cloud-yolo-tailscale,27,000029.jpg,24,plastic_verpakking,0.9519,1776617588.637208,1776617588.674749,37.54,3091,1776617588.683075,1776617588.68349,1776617588.694772,1776617588.694864,1776617588.707762,11.7,0.09,12.9,24.69
steps-cloud-yolo-tailscale,28,000030.jpg,3,metalen_verpakking,0.975,1776617588.715066,1776617588.746442,31.38,611,1776617588.74701,1776617588.747326,1776617588.758585,1776617588.758622,1776617588.771457,11.57,0.04,12.84,24.45
steps-cloud-yolo-tailscale,29,000031.jpg,1,plastic_verpakking,0.9449,1776617588.779027,1776617588.893474,114.45,377,1776617588.893908,1776617588.894183,1776617588.905725,1776617588.905759,1776617588.91865,11.82,0.03,12.89,24.74
steps-cloud-yolo-tailscale,30,000032.jpg,1,plastic_verpakking,0.8382,1776617588.92595,1776617589.05113,125.18,377,1776617589.051762,1776617589.052362,1776617589.063888,1776617589.063917,1776617589.076875,12.13,0.03,12.96,25.11
steps-cloud-yolo-tailscale,31,000033.jpg,1,plastic_verpakking,0.9541,1776617589.084297,1776617589.209812,125.52,376,1776617589.210893,1776617589.211197,1776617589.22255,1776617589.222579,1776617589.235341,11.66,0.03,12.76,24.45
steps-cloud-yolo-tailscale,32,000034.jpg,2,plastic_verpakking,0.9683,1776617589.242877,1776617589.317375,74.5,491,1776617589.318055,1776617589.31833,1776617589.329876,1776617589.329908,1776617589.342676,11.82,0.03,12.77,24.62
steps-cloud-yolo-tailscale,33,000035.jpg,1,metalen_verpakking,0.9525,1776617589.350115,1776617589.430919,80.8,376,1776617589.431624,1776617589.431913,1776617589.443246,1776617589.443274,1776617589.45567,11.62,0.03,12.4,24.05
steps-cloud-yolo-tailscale,34,000036.jpg,1,plastic_verpakking,0.9627,1776617589.463453,1776617589.551961,88.51,376,1776617589.552428,1776617589.552727,1776617589.564117,1776617589.564151,1776617589.576916,11.69,0.03,12.77,24.49
steps-cloud-yolo-tailscale,35,000037.JPG,8,plastic_verpakking,0.9174,1776617589.584177,1776617589.616573,32.4,1200,1776617589.618399,1776617589.61893,1776617589.630562,1776617589.630604,1776617589.643088,12.16,0.04,12.48,24.69
steps-cloud-yolo-tailscale,36,000038.jpg,3,metalen_verpakking,0.8841,1776617589.650611,1776617589.775712,125.1,616,1776617589.776273,1776617589.77657,1776617589.788002,1776617589.788036,1776617589.800799,11.73,0.03,12.76,24.53
steps-cloud-yolo-tailscale,37,000039.jpg,1,plastic_verpakking,0.956,1776617589.808426,1776617589.911351,102.93,375,1776617589.911847,1776617589.912143,1776617589.923543,1776617589.923576,1776617589.936432,11.7,0.03,12.86,24.59
steps-cloud-yolo-tailscale,38,000040.JPG,2,plastic_verpakking,0.6736,1776617589.94381,1776617590.032944,89.13,495,1776617590.034185,1776617590.034502,1776617590.046018,1776617590.046049,1776617590.058588,11.83,0.03,12.54,24.4
steps-cloud-yolo-tailscale,39,000041.JPG,2,metalen_verpakking,0.9576,1776617590.066268,1776617590.120295,54.03,497,1776617590.12133,1776617590.121628,1776617590.133145,1776617590.133178,1776617590.145704,11.81,0.03,12.53,24.37
steps-cloud-yolo-tailscale,40,000043.jpg,1,plastic_verpakking,0.897,1776617590.153741,1776617590.187212,33.47,373,1776617590.187505,1776617590.187788,1776617590.199009,1776617590.199041,1776617590.212448,11.5,0.03,13.41,24.94
steps-cloud-yolo-tailscale,41,000044.jpg,1,metalen_verpakking,0.9324,1776617590.21984,1776617590.271585,51.74,374,1776617590.27203,1776617590.272308,1776617590.283416,1776617590.283449,1776617590.29601,11.39,0.03,12.56,23.98
steps-cloud-yolo-tailscale,42,000045.JPG,2,plastic_verpakking,0.9511,1776617590.303823,1776617590.351368,47.54,493,1776617590.351775,1776617590.352269,1776617590.363664,1776617590.363702,1776617590.37611,11.89,0.04,12.41,24.33
steps-cloud-yolo-tailscale,43,000046.jpg,2,plastic_verpakking,0.9647,1776617590.383879,1776617590.425985,42.11,494,1776617590.426357,1776617590.426642,1776617590.438046,1776617590.438079,1776617590.450659,11.69,0.03,12.58,24.3
steps-cloud-yolo-tailscale,44,000047.jpg,2,plastic_verpakking,0.9732,1776617590.458363,1776617590.522412,64.05,496,1776617590.525454,1776617590.525828,1776617590.537408,1776617590.537441,1776617590.549979,11.95,0.03,12.54,24.53
steps-cloud-yolo-tailscale,45,000048.JPG,1,plastic_verpakking,0.9746,1776617590.557451,1776617590.607111,49.66,376,1776617590.607597,1776617590.607882,1776617590.619348,1776617590.61938,1776617590.632047,11.75,0.03,12.67,24.45
steps-cloud-yolo-tailscale,46,000049.jpg,5,plastic_verpakking,0.9309,1776617590.639504,1776617590.740075,100.57,858,1776617590.741985,1776617590.742278,1776617590.753916,1776617590.753951,1776617590.766588,11.93,0.04,12.64,24.6
steps-cloud-yolo-tailscale,47,000050.JPG,1,plastic_verpakking,0.7764,1776617590.773922,1776617590.834069,60.15,373,1776617590.834697,1776617590.834986,1776617590.846353,1776617590.846383,1776617590.859122,11.66,0.03,12.74,24.42
steps-cloud-yolo-tailscale,48,000051.jpg,2,plastic_verpakking,0.9529,1776617590.866843,1776617590.946421,79.58,497,1776617590.947075,1776617590.947464,1776617590.958808,1776617590.958838,1776617590.971423,11.73,0.03,12.58,24.35
steps-cloud-yolo-tailscale,49,000052.jpg,4,plastic_verpakking,0.9621,1776617590.979048,1776617591.060866,81.82,733,1776617591.062558,1776617591.062867,1776617591.074415,1776617591.074453,1776617591.08728,11.86,0.04,12.83,24.72
steps-cloud-yolo-tailscale,50,000053.jpg,2,plastic_verpakking,0.9575,1776617591.09452,1776617591.147914,53.39,497,1776617591.148545,1776617591.14904,1776617591.160187,1776617591.160221,1776617591.173081,11.64,0.03,12.86,24.54
steps-cloud-yolo-tailscale,51,000054.jpg,2,plastic_verpakking,0.9609,1776617591.180591,1776617591.264446,83.85,498,1776617591.265465,1776617591.265784,1776617591.277176,1776617591.277206,1776617591.289829,11.71,0.03,12.62,24.36
steps-cloud-yolo-tailscale,52,000055.jpg,3,plastic_verpakking,0.9623,1776617591.29773,1776617591.347744,50.01,617,1776617591.348542,1776617591.348849,1776617591.360247,1776617591.36028,1776617591.373076,11.7,0.03,12.8,24.53
steps-cloud-yolo-tailscale,53,000056.jpg,4,plastic_verpakking,0.9728,1776617591.380607,1776617591.432119,51.51,733,1776617591.433087,1776617591.433402,1776617591.444556,1776617591.44459,1776617591.457471,11.47,0.03,12.88,24.38
steps-cloud-yolo-tailscale,54,000057.jpg,2,plastic_verpakking,0.9192,1776617591.4651,1776617591.526082,60.98,496,1776617591.526727,1776617591.527027,1776617591.538479,1776617591.538511,1776617591.551172,11.75,0.03,12.66,24.45
steps-cloud-yolo-tailscale,55,000058.jpg,1,plastic_verpakking,0.9118,1776617591.558805,1776617591.634832,76.03,376,1776617591.635581,1776617591.635848,1776617591.647309,1776617591.647339,1776617591.659801,11.73,0.03,12.46,24.22
steps-cloud-yolo-tailscale,56,000059.jpg,2,plastic_verpakking,0.9232,1776617591.667593,1776617591.72057,52.98,496,1776617591.721204,1776617591.721497,1776617591.733055,1776617591.733092,1776617591.745796,11.85,0.04,12.7,24.59
steps-cloud-yolo-tailscale,57,000060.jpg,2,plastic_verpakking,0.6992,1776617591.753081,1776617591.791289,38.21,491,1776617591.791982,1776617591.792338,1776617591.803546,1776617591.803576,1776617591.816603,11.56,0.03,13.03,24.62
steps-cloud-yolo-tailscale,58,000061.jpg,1,plastic_verpakking,0.874,1776617591.824208,1776617591.858982,34.77,372,1776617591.859257,1776617591.859529,1776617591.871001,1776617591.871032,1776617591.883876,11.74,0.03,12.84,24.62
steps-cloud-yolo-tailscale,59,000062.jpg,2,plastic_verpakking,0.9629,1776617591.891179,1776617591.929671,38.49,492,1776617591.930189,1776617591.930503,1776617591.941653,1776617591.941726,1776617591.954377,11.46,0.07,12.65,24.19
steps-cloud-yolo-tailscale,60,000063.jpg,2,metalen_verpakking,0.9207,1776617591.962137,1776617592.012981,50.84,496,1776617592.013505,1776617592.013822,1776617592.025151,1776617592.025182,1776617592.037845,11.65,0.03,12.66,24.34
steps-cloud-yolo-tailscale,61,000064.jpg,5,plastic_verpakking,0.8952,1776617592.045423,1776617592.15128,105.86,846,1776617592.152163,1776617592.152484,1776617592.164036,1776617592.164075,1776617592.17696,11.87,0.04,12.88,24.8
steps-cloud-yolo-tailscale,62,000065.jpg,5,metalen_verpakking,0.9292,1776617592.184041,1776617592.276676,92.63,858,1776617592.278006,1776617592.278323,1776617592.289883,1776617592.289921,1776617592.303107,11.88,0.04,13.19,25.1
steps-cloud-yolo-tailscale,63,000066.jpg,3,plastic_verpakking,0.9233,1776617592.310259,1776617592.393001,82.74,610,1776617592.393811,1776617592.39413,1776617592.405572,1776617592.405605,1776617592.418469,11.76,0.03,12.86,24.66
steps-cloud-yolo-tailscale,64,000067.jpg,2,metalen_verpakking,0.9487,1776617592.426078,1776617592.460048,33.97,493,1776617592.460773,1776617592.461077,1776617592.472436,1776617592.47247,1776617592.485302,11.66,0.03,12.83,24.53
steps-cloud-yolo-tailscale,65,000068.jpg,2,metalen_verpakking,0.9683,1776617592.4927,1776617592.530161,37.46,489,1776617592.530628,1776617592.530922,1776617592.542369,1776617592.542399,1776617592.555151,11.74,0.03,12.75,24.52
steps-cloud-yolo-tailscale,66,000069.jpg,1,plastic_verpakking,0.8866,1776617592.562425,1776617592.597418,34.99,374,1776617592.597694,1776617592.597977,1776617592.609487,1776617592.609517,1776617592.622638,11.79,0.03,13.12,24.94
steps-cloud-yolo-tailscale,67,000070.jpg,5,plastic_verpakking,0.6176,1776617592.629498,1776617592.66591,36.41,843,1776617592.667051,1776617592.667348,1776617592.678567,1776617592.678601,1776617592.691279,11.52,0.03,12.68,24.23
steps-cloud-yolo-tailscale,68,000071.jpg,2,plastic_verpakking,0.9512,1776617592.698918,1776617592.763235,64.32,494,1776617592.763628,1776617592.763914,1776617592.775411,1776617592.775441,1776617592.788483,11.78,0.03,13.04,24.86
steps-cloud-yolo-tailscale,69,000072.jpg,2,plastic_verpakking,0.9605,1776617592.795824,1776617592.824025,28.2,492,1776617592.829477,1776617592.829854,1776617592.841186,1776617592.84122,1776617592.853867,11.71,0.03,12.65,24.39
steps-cloud-yolo-tailscale,70,000073.JPG,3,plastic_verpakking,0.9408,1776617592.861475,1776617592.92551,64.04,611,1776617592.926081,1776617592.926363,1776617592.937883,1776617592.937921,1776617592.95081,11.8,0.04,12.89,24.73
steps-cloud-yolo-tailscale,71,000074.jpg,3,plastic_verpakking,0.9617,1776617592.958336,1776617592.993402,35.07,609,1776617592.994046,1776617592.994324,1776617593.006402,1776617593.006441,1776617593.019289,12.36,0.04,12.85,25.24
steps-cloud-yolo-tailscale,72,000075.jpg,2,plastic_verpakking,0.9673,1776617593.026047,1776617593.055331,29.28,492,1776617593.055753,1776617593.056031,1776617593.06754,1776617593.067574,1776617593.080442,11.79,0.03,12.87,24.69
steps-cloud-yolo-tailscale,73,000076.jpg,3,metalen_verpakking,0.9483,1776617593.087481,1776617593.115953,28.47,604,1776617593.116527,1776617593.116838,1776617593.128657,1776617593.128687,1776617593.14132,12.13,0.03,12.63,24.79
steps-cloud-yolo-tailscale,74,000077.jpg,1,plastic_verpakking,0.9751,1776617593.148514,1776617593.171873,23.36,374,1776617593.172107,1776617593.172419,1776617593.18391,1776617593.183951,1776617593.196529,11.8,0.04,12.58,24.42
steps-cloud-yolo-tailscale,75,000078.jpg,3,metalen_verpakking,0.9579,1776617593.204165,1776617593.255294,51.13,615,1776617593.255929,1776617593.256192,1776617593.267721,1776617593.267759,1776617593.280539,11.79,0.04,12.78,24.61
steps-cloud-yolo-tailscale,76,000079.jpg,1,plastic_verpakking,0.938,1776617593.287832,1776617593.351456,63.62,369,1776617593.351697,1776617593.351992,1776617593.363672,1776617593.363709,1776617593.377041,11.98,0.04,13.33,25.34
steps-cloud-yolo-tailscale,77,000080.jpg,2,plastic_verpakking,0.9275,1776617593.383925,1776617593.413977,30.05,492,1776617593.418839,1776617593.419105,1776617593.430529,1776617593.430558,1776617593.442888,11.69,0.03,12.33,24.05
steps-cloud-yolo-tailscale,78,000081.jpg,1,plastic_verpakking,0.935,1776617593.45085,1776617593.486064,35.21,373,1776617593.486334,1776617593.486586,1776617593.49804,1776617593.498071,1776617593.510802,11.71,0.03,12.73,24.47
steps-cloud-yolo-tailscale,79,000082.JPG,3,plastic_verpakking,0.8847,1776617593.518095,1776617593.583954,65.86,617,1776617593.584574,1776617593.584872,1776617593.596446,1776617593.596481,1776617593.609026,11.87,0.04,12.54,24.45
steps-cloud-yolo-tailscale,80,000083.JPG,2,plastic_verpakking,0.9158,1776617593.616493,1776617593.671983,55.49,495,1776617593.672428,1776617593.672695,1776617593.684423,1776617593.684454,1776617593.697564,12.0,0.03,13.11,25.14
steps-cloud-yolo-tailscale,81,000085.JPG,1,plastic_verpakking,0.9588,1776617593.704539,1776617593.746399,41.86,376,1776617593.746747,1776617593.747027,1776617593.758317,1776617593.758345,1776617593.770948,11.57,0.03,12.6,24.2
steps-cloud-yolo-tailscale,82,000086.JPG,2,metalen_verpakking,0.9442,1776617593.778536,1776617593.813781,35.25,493,1776617593.814227,1776617593.814567,1776617593.825981,1776617593.826015,1776617593.838903,11.75,0.03,12.89,24.68
steps-cloud-yolo-tailscale,83,000087.JPG,3,plastic_verpakking,0.922,1776617593.846344,1776617593.882301,35.96,608,1776617593.882918,1776617593.883193,1776617593.89502,1776617593.895055,1776617593.907634,12.1,0.04,12.58,24.72
steps-cloud-yolo-tailscale,84,000088.JPG,1,metalen_verpakking,0.8148,1776617593.914881,1776617593.966545,51.66,376,1776617593.966766,1776617593.967033,1776617593.978427,1776617593.978459,1776617593.990997,11.66,0.03,12.54,24.23
steps-cloud-yolo-tailscale,85,000089.JPG,1,plastic_verpakking,0.9566,1776617593.9989,1776617594.044356,45.46,376,1776617594.044601,1776617594.044893,1776617594.056462,1776617594.056494,1776617594.069218,11.86,0.03,12.72,24.62
steps-cloud-yolo-tailscale,86,000090.JPG,2,plastic_verpakking,0.9342,1776617594.076536,1776617594.121679,45.14,493,1776617594.122101,1776617594.122391,1776617594.133858,1776617594.133892,1776617594.146277,11.76,0.03,12.39,24.18
steps-cloud-yolo-tailscale,87,000091.JPG,1,metalen_verpakking,0.9701,1776617594.154087,1776617594.200461,46.37,374,1776617594.200722,1776617594.200987,1776617594.212444,1776617594.212484,1776617594.224966,11.72,0.04,12.48,24.24
steps-cloud-yolo-tailscale,88,000092.JPG,6,plastic_verpakking,0.845,1776617594.232543,1776617594.271399,38.86,974,1776617594.272402,1776617594.272698,1776617594.284435,1776617594.284476,1776617594.297209,12.03,0.04,12.73,24.81
steps-cloud-yolo-tailscale,89,000093.JPG,2,plastic_verpakking,0.9584,1776617594.304463,1776617594.340294,35.83,498,1776617594.340741,1776617594.341024,1776617594.352492,1776617594.35252,1776617594.365229,11.75,0.03,12.71,24.49
steps-cloud-yolo-tailscale,90,000094.JPG,2,plastic_verpakking,0.9458,1776617594.372776,1776617594.418445,45.67,495,1776617594.41886,1776617594.419136,1776617594.430632,1776617594.430663,1776617594.44317,11.77,0.03,12.51,24.31
steps-cloud-yolo-tailscale,91,000095.JPG,1,plastic_verpakking,0.9596,1776617594.45073,1776617594.477492,26.76,376,1776617594.477738,1776617594.478012,1776617594.489475,1776617594.489506,1776617594.501999,11.74,0.03,12.49,24.26
steps-cloud-yolo-tailscale,92,000097.JPG,6,plastic_verpakking,0.9469,1776617594.509451,1776617594.554973,45.52,980,1776617594.555953,1776617594.556214,1776617594.567628,1776617594.567667,1776617594.580528,11.68,0.04,12.86,24.58
steps-cloud-yolo-tailscale,93,000098.JPG,1,metalen_verpakking,0.9468,1776617594.587995,1776617594.62952,41.53,374,1776617594.630852,1776617594.631158,1776617594.642435,1776617594.642469,1776617594.655102,11.58,0.03,12.63,24.25
steps-cloud-yolo-tailscale,94,000099.JPG,5,plastic_verpakking,0.9698,1776617594.662639,1776617594.691948,29.31,860,1776617594.692772,1776617594.693033,1776617594.704496,1776617594.704532,1776617594.717252,11.72,0.04,12.72,24.48
steps-cloud-yolo-tailscale,95,000100.JPG,2,plastic_verpakking,0.9567,1776617594.724687,1776617594.781886,57.2,493,1776617594.782273,1776617594.782566,1776617594.793684,1776617594.793719,1776617594.806135,11.41,0.03,12.42,23.86
steps-cloud-yolo-tailscale,96,000101.JPG,2,plastic_verpakking,0.939,1776617594.814287,1776617594.850348,36.06,497,1776617594.850794,1776617594.851108,1776617594.862338,1776617594.862376,1776617594.874826,11.54,0.04,12.45,24.03
steps-cloud-yolo-tailscale,97,000102.JPG,6,plastic_verpakking,0.9453,1776617594.88281,1776617594.936419,53.61,975,1776617594.937515,1776617594.937801,1776617594.949045,1776617594.949079,1776617594.961447,11.53,0.03,12.37,23.93
steps-cloud-yolo-tailscale,98,000103.JPG,2,plastic_verpakking,0.9066,1776617594.96948,1776617595.006748,37.27,486,1776617595.007125,1776617595.007404,1776617595.018737,1776617595.01877,1776617595.031384,11.61,0.03,12.61,24.26
steps-cloud-yolo-tailscale,99,000104.JPG,2,plastic_verpakking,0.9707,1776617595.039088,1776617595.070422,31.33,494,1776617595.070776,1776617595.071044,1776617595.08255,1776617595.082584,1776617595.096321,11.77,0.03,13.74,25.54
steps-cloud-yolo-tailscale,100,test.jpg,1,metalen_verpakking,0.9686,1776617595.102493,1776617595.169918,67.42,373,1776617595.170162,1776617595.170425,1776617595.182306,1776617595.182338,1776617595.19494,12.14,0.03,12.6,24.78
steps-cloud-yolo-tailscale,1,000000.jpg,4,metalen_verpakking,0.9391,1776620554.756706,1776620556.652632,1895.93,726,1776620556.660908,1776620556.661275,1776620556.672434,1776620556.672471,1776620556.685297,11.53,0.04,12.83,24.39
steps-cloud-yolo-tailscale,2,000001.jpg,1,plastic_verpakking,0.9378,1776620556.693092,1776620556.844825,151.73,377,1776620556.845381,1776620556.845733,1776620556.857322,1776620556.857357,1776620556.869996,11.94,0.04,12.64,24.62
steps-cloud-yolo-tailscale,3,000002.jpg,1,plastic_verpakking,0.7975,1776620556.877402,1776620556.97835,100.95,376,1776620556.978932,1776620556.979265,1776620556.990665,1776620556.990698,1776620557.003315,11.73,0.03,12.62,24.38
steps-cloud-yolo-tailscale,4,000003.jpg,1,plastic_verpakking,0.935,1776620557.010943,1776620557.135259,124.32,374,1776620557.135792,1776620557.136088,1776620557.147489,1776620557.147518,1776620557.160158,11.7,0.03,12.64,24.37
steps-cloud-yolo-tailscale,5,000004.jpg,1,plastic_verpakking,0.8714,1776620557.167507,1776620557.281831,114.32,372,1776620557.2824,1776620557.282725,1776620557.294175,1776620557.294205,1776620557.30681,11.78,0.03,12.6,24.41
steps-cloud-yolo-tailscale,6,000005.jpg,1,plastic_verpakking,0.9639,1776620557.314355,1776620557.435081,120.73,375,1776620557.435609,1776620557.435966,1776620557.447153,1776620557.447188,1776620557.459747,11.54,0.04,12.56,24.14
steps-cloud-yolo-tailscale,7,000006.jpg,1,plastic_verpakking,0.8271,1776620557.467651,1776620557.586719,119.07,377,1776620557.587204,1776620557.587518,1776620557.598932,1776620557.598967,1776620557.611815,11.73,0.04,12.85,24.61
steps-cloud-yolo-tailscale,8,000007.jpg,2,plastic_verpakking,0.9495,1776620557.61922,1776620557.743025,123.81,496,1776620557.743759,1776620557.744076,1776620557.755596,1776620557.755628,1776620557.768081,11.84,0.03,12.45,24.32
steps-cloud-yolo-tailscale,9,000009.jpg,0,,,1776620557.776077,1776620557.891637,115.56,258,1776620557.891938,1776620557.892234,1776620557.9037,1776620557.903723,1776620557.916246,11.76,0.02,12.52,24.31
steps-cloud-yolo-tailscale,10,000010.jpg,8,plastic_verpakking,0.8824,1776620557.923954,1776620558.048717,124.76,1210,1776620558.050438,1776620558.050738,1776620558.062057,1776620558.062168,1776620558.074727,11.62,0.11,12.56,24.29
steps-cloud-yolo-tailscale,11,000011.jpg,2,plastic_verpakking,0.931,1776620558.082664,1776620558.198135,115.47,495,1776620558.198817,1776620558.199094,1776620558.21068,1776620558.210707,1776620558.223016,11.86,0.03,12.31,24.2
steps-cloud-yolo-tailscale,12,000012.jpg,3,plastic_verpakking,0.9272,1776620558.230831,1776620558.375296,144.46,614,1776620558.376253,1776620558.376558,1776620558.388056,1776620558.388091,1776620558.400623,11.8,0.04,12.53,24.37
steps-cloud-yolo-tailscale,13,000013.jpg,6,metalen_verpakking,0.9585,1776620558.408155,1776620558.53582,127.67,970,1776620558.537375,1776620558.537732,1776620558.549228,1776620558.549271,1776620558.561958,11.85,0.04,12.69,24.58
steps-cloud-yolo-tailscale,14,000014.jpg,1,plastic_verpakking,0.8622,1776620558.569368,1776620558.655312,85.94,377,1776620558.655781,1776620558.656047,1776620558.667378,1776620558.667407,1776620558.679765,11.6,0.03,12.36,23.98
steps-cloud-yolo-tailscale,15,000015.jpg,6,plastic_verpakking,0.9509,1776620558.687524,1776620558.776327,88.8,972,1776620558.777194,1776620558.7775,1776620558.789254,1776620558.789292,1776620558.8018,12.06,0.04,12.51,24.61
steps-cloud-yolo-tailscale,16,000017.jpg,3,plastic_verpakking,0.9515,1776620558.809151,1776620558.864918,55.77,616,1776620558.868536,1776620558.868837,1776620558.880462,1776620558.880499,1776620558.893536,11.93,0.04,13.04,25.0
steps-cloud-yolo-tailscale,17,000019.jpg,5,plastic_verpakking,0.9257,1776620558.900321,1776620558.942922,42.6,842,1776620558.944039,1776620558.944395,1776620558.955871,1776620558.955905,1776620558.968404,11.83,0.03,12.5,24.37
steps-cloud-yolo-tailscale,18,000020.jpg,3,metalen_verpakking,0.9745,1776620558.976089,1776620559.006227,30.14,612,1776620559.006734,1776620559.007029,1776620559.018673,1776620559.018711,1776620559.031254,11.94,0.04,12.54,24.52
steps-cloud-yolo-tailscale,19,000021.jpg,2,plastic_verpakking,0.961,1776620559.038716,1776620559.066869,28.15,490,1776620559.067235,1776620559.067499,1776620559.078825,1776620559.078855,1776620559.091764,11.59,0.03,12.91,24.53
steps-cloud-yolo-tailscale,20,000022.jpg,6,plastic_verpakking,0.9679,1776620559.099388,1776620559.126497,27.11,973,1776620559.127469,1776620559.127759,1776620559.139156,1776620559.139187,1776620559.151593,11.69,0.03,12.41,24.12
steps-cloud-yolo-tailscale,21,000023.jpg,1,plastic_verpakking,0.9498,1776620559.159481,1776620559.185986,26.51,372,1776620559.186216,1776620559.186476,1776620559.197909,1776620559.197939,1776620559.210541,11.69,0.03,12.6,24.33
steps-cloud-yolo-tailscale,22,000024.jpg,12,plastic_verpakking,0.9204,1776620559.218053,1776620559.250773,32.72,1673,1776620559.252459,1776620559.252791,1776620559.264239,1776620559.264287,1776620559.276651,11.78,0.05,12.36,24.19
steps-cloud-yolo-tailscale,23,000025.jpg,0,,,1776620559.284581,1776620559.318592,34.01,257,1776620559.318656,1776620559.31892,1776620559.329949,1776620559.329976,1776620559.342782,11.29,0.03,12.81,24.13
steps-cloud-yolo-tailscale,24,000026.jpg,2,plastic_verpakking,0.9372,1776620559.35074,1776620559.38589,35.15,492,1776620559.386373,1776620559.386657,1776620559.398316,1776620559.398348,1776620559.410816,11.94,0.03,12.47,24.44
steps-cloud-yolo-tailscale,25,000027.jpg,1,plastic_verpakking,0.9672,1776620559.418319,1776620559.449338,31.02,373,1776620559.449612,1776620559.449872,1776620559.461346,1776620559.461376,1776620559.473961,11.73,0.03,12.58,24.35
steps-cloud-yolo-tailscale,26,000028.jpg,5,plastic_verpakking,0.9386,1776620559.481484,1776620559.510159,28.68,842,1776620559.510948,1776620559.511217,1776620559.522823,1776620559.522861,1776620559.535323,11.87,0.04,12.46,24.38
steps-cloud-yolo-tailscale,27,000029.jpg,24,plastic_verpakking,0.9519,1776620559.543025,1776620559.57254,29.52,3092,1776620559.576056,1776620559.576448,1776620559.587937,1776620559.588043,1776620559.600949,11.88,0.11,12.91,24.89
steps-cloud-yolo-tailscale,28,000030.jpg,3,metalen_verpakking,0.975,1776620559.608021,1776620559.638278,30.26,612,1776620559.638796,1776620559.639098,1776620559.650688,1776620559.650718,1776620559.663274,11.89,0.03,12.56,24.48
steps-cloud-yolo-tailscale,29,000031.jpg,1,plastic_verpakking,0.9449,1776620559.670717,1776620559.759826,89.11,376,1776620559.760157,1776620559.760449,1776620559.771806,1776620559.771837,1776620559.784524,11.65,0.03,12.69,24.37
steps-cloud-yolo-tailscale,30,000032.jpg,1,plastic_verpakking,0.8382,1776620559.79213,1776620559.876617,84.49,376,1776620559.877089,1776620559.877393,1776620559.888657,1776620559.888689,1776620559.901773,11.57,0.03,13.08,24.68
steps-cloud-yolo-tailscale,31,000033.jpg,1,plastic_verpakking,0.9541,1776620559.909168,1776620560.002148,92.98,376,1776620560.002905,1776620560.003198,1776620560.014824,1776620560.014858,1776620560.027677,11.92,0.03,12.82,24.77
steps-cloud-yolo-tailscale,32,000034.jpg,2,plastic_verpakking,0.9683,1776620560.035094,1776620560.10957,74.48,493,1776620560.110242,1776620560.110541,1776620560.12201,1776620560.122042,1776620560.135166,11.77,0.03,13.12,24.92
steps-cloud-yolo-tailscale,33,000035.jpg,1,metalen_verpakking,0.9525,1776620560.142138,1776620560.223688,81.55,376,1776620560.224443,1776620560.224753,1776620560.236167,1776620560.236199,1776620560.249026,11.72,0.03,12.83,24.58
steps-cloud-yolo-tailscale,34,000036.jpg,1,plastic_verpakking,0.9627,1776620560.256532,1776620560.355273,98.74,376,1776620560.355939,1776620560.356285,1776620560.367881,1776620560.367913,1776620560.380584,11.94,0.03,12.67,24.65
steps-cloud-yolo-tailscale,35,000037.JPG,8,plastic_verpakking,0.9174,1776620560.387941,1776620560.443716,55.77,1203,1776620560.446847,1776620560.447171,1776620560.45835,1776620560.458388,1776620560.471265,11.5,0.04,12.88,24.42
steps-cloud-yolo-tailscale,36,000038.jpg,3,metalen_verpakking,0.8841,1776620560.478761,1776620560.622636,143.87,616,1776620560.623664,1776620560.623954,1776620560.635515,1776620560.63555,1776620560.648077,11.85,0.04,12.53,24.41
steps-cloud-yolo-tailscale,37,000039.jpg,1,plastic_verpakking,0.956,1776620560.655892,1776620560.774024,118.13,376,1776620560.774691,1776620560.774984,1776620560.786378,1776620560.786406,1776620560.79891,11.69,0.03,12.5,24.22
steps-cloud-yolo-tailscale,38,000040.JPG,2,plastic_verpakking,0.6736,1776620560.806846,1776620560.898841,92.0,493,1776620560.900133,1776620560.900431,1776620560.911696,1776620560.911728,1776620560.924255,11.56,0.03,12.53,24.12
steps-cloud-yolo-tailscale,39,000041.JPG,2,metalen_verpakking,0.9576,1776620560.932394,1776620560.986956,54.56,496,1776620560.988263,1776620560.988666,1776620561.000214,1776620561.000249,1776620561.013831,11.95,0.03,13.58,25.57
steps-cloud-yolo-tailscale,40,000043.jpg,1,plastic_verpakking,0.897,1776620561.020346,1776620561.079165,58.82,374,1776620561.079566,1776620561.079842,1776620561.091259,1776620561.091291,1776620561.104095,11.69,0.03,12.8,24.53
steps-cloud-yolo-tailscale,41,000044.jpg,1,metalen_verpakking,0.9324,1776620561.111634,1776620561.164009,52.38,375,1776620561.164399,1776620561.164663,1776620561.176218,1776620561.176249,1776620561.189035,11.82,0.03,12.79,24.64
steps-cloud-yolo-tailscale,42,000045.JPG,2,plastic_verpakking,0.9511,1776620561.196422,1776620561.268412,71.99,492,1776620561.269232,1776620561.269516,1776620561.280893,1776620561.280924,1776620561.293629,11.66,0.03,12.7,24.4
steps-cloud-yolo-tailscale,43,000046.jpg,2,plastic_verpakking,0.9647,1776620561.301398,1776620561.368999,67.6,496,1776620561.369772,1776620561.370101,1776620561.381574,1776620561.381611,1776620561.394465,11.8,0.04,12.85,24.69
steps-cloud-yolo-tailscale,44,000047.jpg,2,plastic_verpakking,0.9732,1776620561.401984,1776620561.468751,66.77,494,1776620561.471609,1776620561.471931,1776620561.483615,1776620561.483646,1776620561.496224,12.01,0.03,12.58,24.62
steps-cloud-yolo-tailscale,45,000048.JPG,1,plastic_verpakking,0.9746,1776620561.503542,1776620561.579581,76.04,375,1776620561.580228,1776620561.580506,1776620561.591929,1776620561.591958,1776620561.604963,11.7,0.03,13.0,24.73
steps-cloud-yolo-tailscale,46,000049.jpg,5,plastic_verpakking,0.9309,1776620561.612133,1776620561.714688,102.55,859,1776620561.716462,1776620561.716747,1776620561.727954,1776620561.727986,1776620561.740434,11.49,0.03,12.45,23.97
steps-cloud-yolo-tailscale,47,000050.JPG,1,plastic_verpakking,0.7764,1776620561.748598,1776620561.785838,37.24,373,1776620561.786323,1776620561.786609,1776620561.797938,1776620561.797977,1776620561.810497,11.61,0.04,12.52,24.17
steps-cloud-yolo-tailscale,48,000051.jpg,2,plastic_verpakking,0.9529,1776620561.818323,1776620561.916426,98.1,496,1776620561.917113,1776620561.917391,1776620561.928985,1776620561.929021,1776620561.941643,11.87,0.04,12.62,24.53
steps-cloud-yolo-tailscale,49,000052.jpg,4,plastic_verpakking,0.9621,1776620561.949255,1776620562.004943,55.69,731,1776620562.005944,1776620562.006259,1776620562.017855,1776620562.017886,1776620562.03037,11.91,0.03,12.48,24.43
steps-cloud-yolo-tailscale,50,000053.jpg,2,plastic_verpakking,0.9575,1776620562.038119,1776620562.090997,52.88,497,1776620562.091628,1776620562.091906,1776620562.103283,1776620562.103317,1776620562.115754,11.65,0.03,12.44,24.13
steps-cloud-yolo-tailscale,51,000054.jpg,2,plastic_verpakking,0.9609,1776620562.123549,1776620562.201118,77.57,498,1776620562.202066,1776620562.202339,1776620562.213886,1776620562.213921,1776620562.226496,11.82,0.03,12.58,24.43
steps-cloud-yolo-tailscale,52,000055.jpg,3,plastic_verpakking,0.9623,1776620562.234196,1776620562.282339,48.14,615,1776620562.283236,1776620562.283649,1776620562.295074,1776620562.295107,1776620562.307916,11.84,0.03,12.81,24.68
steps-cloud-yolo-tailscale,53,000056.jpg,4,plastic_verpakking,0.9728,1776620562.315581,1776620562.389542,73.96,735,1776620562.391065,1776620562.391523,1776620562.403059,1776620562.403089,1776620562.41567,11.99,0.03,12.58,24.6
steps-cloud-yolo-tailscale,54,000057.jpg,2,plastic_verpakking,0.9192,1776620562.423289,1776620562.483952,60.66,496,1776620562.484659,1776620562.484955,1776620562.496531,1776620562.496563,1776620562.509265,11.87,0.03,12.7,24.61
steps-cloud-yolo-tailscale,55,000058.jpg,1,plastic_verpakking,0.9118,1776620562.51648,1776620562.593971,77.49,375,1776620562.594645,1776620562.594931,1776620562.606178,1776620562.606207,1776620562.618869,11.53,0.03,12.66,24.22
steps-cloud-yolo-tailscale,56,000059.jpg,2,plastic_verpakking,0.9232,1776620562.626639,1776620562.681867,55.23,497,1776620562.682642,1776620562.683134,1776620562.694513,1776620562.694557,1776620562.707226,11.87,0.04,12.67,24.58
steps-cloud-yolo-tailscale,57,000060.jpg,2,plastic_verpakking,0.6992,1776620562.715141,1776620562.763753,48.61,491,1776620562.764822,1776620562.765127,1776620562.777041,1776620562.777075,1776620562.78989,12.22,0.03,12.81,25.07
steps-cloud-yolo-tailscale,58,000061.jpg,1,plastic_verpakking,0.874,1776620562.796952,1776620562.828234,31.28,372,1776620562.828483,1776620562.828786,1776620562.840404,1776620562.840433,1776620562.853271,11.92,0.03,12.84,24.79
steps-cloud-yolo-tailscale,59,000062.jpg,2,plastic_verpakking,0.9629,1776620562.860534,1776620562.918475,57.94,491,1776620562.91885,1776620562.919204,1776620562.930805,1776620562.930844,1776620562.943698,11.95,0.04,12.85,24.85
steps-cloud-yolo-tailscale,60,000063.jpg,2,metalen_verpakking,0.9207,1776620562.951146,1776620563.023127,71.98,494,1776620563.023875,1776620563.024173,1776620563.035498,1776620563.035529,1776620563.048359,11.62,0.03,12.83,24.48
steps-cloud-yolo-tailscale,61,000064.jpg,5,plastic_verpakking,0.8952,1776620563.055746,1776620563.165524,109.78,845,1776620563.167166,1776620563.167475,1776620563.179001,1776620563.179035,1776620563.192021,11.84,0.03,12.99,24.85
steps-cloud-yolo-tailscale,62,000065.jpg,5,metalen_verpakking,0.9292,1776620563.199114,1776620563.301502,102.39,860,1776620563.303675,1776620563.304017,1776620563.315403,1776620563.315437,1776620563.32802,11.73,0.03,12.58,24.34
steps-cloud-yolo-tailscale,63,000066.jpg,3,plastic_verpakking,0.9233,1776620563.335593,1776620563.414626,79.03,611,1776620563.415374,1776620563.415685,1776620563.427036,1776620563.427066,1776620563.439737,11.66,0.03,12.67,24.36
steps-cloud-yolo-tailscale,64,000067.jpg,2,metalen_verpakking,0.9487,1776620563.447455,1776620563.503548,56.09,493,1776620563.504578,1776620563.504862,1776620563.516251,1776620563.516281,1776620563.528953,11.67,0.03,12.67,24.37
steps-cloud-yolo-tailscale,65,000068.jpg,2,metalen_verpakking,0.9683,1776620563.536664,1776620563.586352,49.69,490,1776620563.587037,1776620563.587333,1776620563.598698,1776620563.598729,1776620563.61132,11.66,0.03,12.59,24.28
steps-cloud-yolo-tailscale,66,000069.jpg,1,plastic_verpakking,0.8866,1776620563.618984,1776620563.652486,33.5,373,1776620563.652768,1776620563.653042,1776620563.664334,1776620563.66436,1776620563.676815,11.57,0.03,12.45,24.05
steps-cloud-yolo-tailscale,67,000070.jpg,5,plastic_verpakking,0.6176,1776620563.684799,1776620563.717237,32.44,844,1776620563.717979,1776620563.718284,1776620563.729762,1776620563.729794,1776620563.742498,11.78,0.03,12.7,24.52
steps-cloud-yolo-tailscale,68,000071.jpg,2,plastic_verpakking,0.9512,1776620563.749932,1776620563.81536,65.43,494,1776620563.815756,1776620563.816065,1776620563.827427,1776620563.827457,1776620563.840392,11.67,0.03,12.93,24.64
steps-cloud-yolo-tailscale,69,000072.jpg,2,plastic_verpakking,0.9605,1776620563.847939,1776620563.875565,27.63,492,1776620563.881049,1776620563.881351,1776620563.892783,1776620563.892814,1776620563.905608,11.73,0.03,12.79,24.56
steps-cloud-yolo-tailscale,70,000073.JPG,3,plastic_verpakking,0.9408,1776620563.913121,1776620563.98049,67.37,611,1776620563.981194,1776620563.981478,1776620563.992828,1776620563.99286,1776620564.00556,11.63,0.03,12.7,24.37
steps-cloud-yolo-tailscale,71,000074.jpg,3,plastic_verpakking,0.9617,1776620564.013366,1776620564.048014,34.65,608,1776620564.048656,1776620564.048967,1776620564.060638,1776620564.060673,1776620564.073539,11.98,0.04,12.87,24.88
steps-cloud-yolo-tailscale,72,000075.jpg,2,plastic_verpakking,0.9673,1776620564.080557,1776620564.110292,29.74,492,1776620564.110688,1776620564.110966,1776620564.12239,1776620564.122423,1776620564.135076,11.7,0.03,12.65,24.39
steps-cloud-yolo-tailscale,73,000076.jpg,3,metalen_verpakking,0.9483,1776620564.1426,1776620564.175803,33.2,605,1776620564.176429,1776620564.176747,1776620564.188388,1776620564.18842,1776620564.200888,11.96,0.03,12.47,24.46
steps-cloud-yolo-tailscale,74,000077.jpg,1,plastic_verpakking,0.9751,1776620564.208545,1776620564.231478,22.93,372,1776620564.231707,1776620564.231994,1776620564.243303,1776620564.243329,1776620564.256838,11.6,0.03,13.51,25.13
steps-cloud-yolo-tailscale,75,000078.jpg,3,metalen_verpakking,0.9579,1776620564.263831,1776620564.315139,51.31,616,1776620564.315749,1776620564.31603,1776620564.327398,1776620564.327434,1776620564.340268,11.65,0.04,12.83,24.52
steps-cloud-yolo-tailscale,76,000079.jpg,1,plastic_verpakking,0.938,1776620564.347779,1776620564.405967,58.19,372,1776620564.406219,1776620564.406553,1776620564.418093,1776620564.418134,1776620564.431003,11.87,0.04,12.87,24.78
steps-cloud-yolo-tailscale,77,000080.jpg,2,plastic_verpakking,0.9275,1776620564.438088,1776620564.468268,30.18,492,1776620564.473349,1776620564.473681,1776620564.485177,1776620564.485218,1776620564.497973,11.83,0.04,12.76,24.62
steps-cloud-yolo-tailscale,78,000081.jpg,1,plastic_verpakking,0.935,1776620564.505371,1776620564.543294,37.92,372,1776620564.543573,1776620564.543926,1776620564.555305,1776620564.555331,1776620564.567876,11.73,0.03,12.54,24.3
steps-cloud-yolo-tailscale,79,000082.JPG,3,plastic_verpakking,0.8847,1776620564.575555,1776620564.644185,68.63,617,1776620564.644729,1776620564.645014,1776620564.656806,1776620564.656845,1776620564.669816,12.08,0.04,12.97,25.09
steps-cloud-yolo-tailscale,80,000083.JPG,2,plastic_verpakking,0.9158,1776620564.676904,1776620564.73328,56.38,496,1776620564.733665,1776620564.733958,1776620564.745173,1776620564.745204,1776620564.75775,11.51,0.03,12.55,24.09
steps-cloud-yolo-tailscale,81,000085.JPG,1,plastic_verpakking,0.9588,1776620564.765527,1776620564.813707,48.18,376,1776620564.81407,1776620564.814358,1776620564.825787,1776620564.825818,1776620564.838502,11.72,0.03,12.68,24.43
steps-cloud-yolo-tailscale,82,000086.JPG,2,metalen_verpakking,0.9442,1776620564.845959,1776620564.875893,29.93,493,1776620564.876314,1776620564.8766,1776620564.888019,1776620564.888052,1776620564.90082,11.7,0.03,12.77,24.51
steps-cloud-yolo-tailscale,83,000087.JPG,3,plastic_verpakking,0.922,1776620564.908371,1776620564.946657,38.29,608,1776620564.947359,1776620564.947681,1776620564.959006,1776620564.95904,1776620564.971808,11.65,0.03,12.77,24.45
steps-cloud-yolo-tailscale,84,000088.JPG,1,metalen_verpakking,0.8148,1776620564.979343,1776620565.033214,53.87,375,1776620565.033462,1776620565.033734,1776620565.045211,1776620565.045241,1776620565.057776,11.75,0.03,12.54,24.31
steps-cloud-yolo-tailscale,85,000089.JPG,1,plastic_verpakking,0.9566,1776620565.065355,1776620565.116319,50.96,375,1776620565.116592,1776620565.116894,1776620565.128511,1776620565.128541,1776620565.141545,11.92,0.03,13.0,24.95
steps-cloud-yolo-tailscale,86,000090.JPG,2,plastic_verpakking,0.9342,1776620565.148797,1776620565.194564,45.77,492,1776620565.194995,1776620565.195293,1776620565.206741,1776620565.206776,1776620565.22033,11.75,0.04,13.55,25.34
steps-cloud-yolo-tailscale,87,000091.JPG,1,metalen_verpakking,0.9701,1776620565.226858,1776620565.267489,40.63,374,1776620565.267727,1776620565.267997,1776620565.279398,1776620565.279426,1776620565.292039,11.67,0.03,12.61,24.31
steps-cloud-yolo-tailscale,88,000092.JPG,6,plastic_verpakking,0.845,1776620565.299856,1776620565.338981,39.12,973,1776620565.339983,1776620565.34032,1776620565.351972,1776620565.352013,1776620565.364743,11.99,0.04,12.73,24.76
steps-cloud-yolo-tailscale,89,000093.JPG,2,plastic_verpakking,0.9584,1776620565.372004,1776620565.407787,35.78,497,1776620565.408461,1776620565.408844,1776620565.419776,1776620565.419806,1776620565.4325,11.32,0.03,12.69,24.04
steps-cloud-yolo-tailscale,90,000094.JPG,2,plastic_verpakking,0.9458,1776620565.440636,1776620565.49064,50.0,491,1776620565.491067,1776620565.491384,1776620565.502826,1776620565.502862,1776620565.515892,11.76,0.04,13.03,24.83
steps-cloud-yolo-tailscale,91,000095.JPG,1,plastic_verpakking,0.9596,1776620565.523153,1776620565.5545,31.35,375,1776620565.554754,1776620565.555014,1776620565.566651,1776620565.566676,1776620565.578978,11.9,0.03,12.3,24.22
steps-cloud-yolo-tailscale,92,000097.JPG,6,plastic_verpakking,0.9469,1776620565.586505,1776620565.638216,51.71,980,1776620565.639331,1776620565.639621,1776620565.651185,1776620565.651218,1776620565.664097,11.85,0.03,12.88,24.77
steps-cloud-yolo-tailscale,93,000098.JPG,1,metalen_verpakking,0.9468,1776620565.671278,1776620565.712842,41.56,375,1776620565.714237,1776620565.714509,1776620565.725759,1776620565.725788,1776620565.738444,11.52,0.03,12.66,24.21
steps-cloud-yolo-tailscale,94,000099.JPG,5,plastic_verpakking,0.9698,1776620565.746089,1776620565.777058,30.97,860,1776620565.777928,1776620565.778235,1776620565.789754,1776620565.78979,1776620565.802802,11.83,0.04,13.01,24.87
steps-cloud-yolo-tailscale,95,000100.JPG,2,plastic_verpakking,0.9567,1776620565.809968,1776620565.877623,67.65,492,1776620565.878127,1776620565.878465,1776620565.890041,1776620565.890071,1776620565.902695,11.91,0.03,12.62,24.57
steps-cloud-yolo-tailscale,96,000101.JPG,2,plastic_verpakking,0.939,1776620565.910117,1776620565.946956,36.84,496,1776620565.947431,1776620565.947742,1776620565.959201,1776620565.959231,1776620565.972314,11.77,0.03,13.08,24.88
steps-cloud-yolo-tailscale,97,000102.JPG,6,plastic_verpakking,0.9453,1776620565.979463,1776620566.027233,47.77,974,1776620566.02807,1776620566.028381,1776620566.039858,1776620566.039892,1776620566.053041,11.79,0.03,13.15,24.97
steps-cloud-yolo-tailscale,98,000103.JPG,2,plastic_verpakking,0.9066,1776620566.060067,1776620566.103263,43.2,484,1776620566.103776,1776620566.104094,1776620566.115643,1776620566.115672,1776620566.128289,11.87,0.03,12.62,24.51
steps-cloud-yolo-tailscale,99,000104.JPG,2,plastic_verpakking,0.9707,1776620566.135656,1776620566.174412,38.76,495,1776620566.174943,1776620566.175229,1776620566.186652,1776620566.186688,1776620566.199286,11.71,0.04,12.6,24.34
steps-cloud-yolo-tailscale,100,test.jpg,1,metalen_verpakking,0.9686,1776620566.206793,1776620566.273303,66.51,371,1776620566.273553,1776620566.273829,1776620566.285493,1776620566.285521,1776620566.298599,11.94,0.03,13.08,25.05
