received_at,run_id,message_id,image_name,publisher_timestamp_sent,publisher_publish_started_at,detections_count,top_class,top_confidence,inference_ms,payload_size_bytes,ack_published_at
1776617198.624603,steps-cloud-yolo-tailscale,1,000000.jpg,1776617198.6129305,1776617198.6129262,4,metalen_verpakking,0.9391,1918.78,726,1776617198.624639
1776617198.824771,steps-cloud-yolo-tailscale,2,000001.jpg,1776617198.8131127,1776617198.813109,1,plastic_verpakking,0.9378,167.29,376,1776617198.824804
1776617198.978135,steps-cloud-yolo-tailscale,3,000002.jpg,1776617198.9662068,1776617198.9662035,1,plastic_verpakking,0.7975,120.43,377,1776617198.978164
1776617199.13192,steps-cloud-yolo-tailscale,4,000003.jpg,1776617199.119935,1776617199.119932,1,plastic_verpakking,0.935,121.05,372,1776617199.13195
1776617199.279378,steps-cloud-yolo-tailscale,5,000004.jpg,1776617199.2676544,1776617199.2676513,1,plastic_verpakking,0.8714,115.08,372,1776617199.279406
1776617199.432198,steps-cloud-yolo-tailscale,6,000005.jpg,1776617199.4203718,1776617199.420368,1,plastic_verpakking,0.9639,119.94,374,1776617199.432229
1776617199.594018,steps-cloud-yolo-tailscale,7,000006.jpg,1776617199.582168,1776617199.5821645,1,plastic_verpakking,0.8271,129.07,376,1776617199.59405
1776617199.752331,steps-cloud-yolo-tailscale,8,000007.jpg,1776617199.740416,1776617199.7404118,2,plastic_verpakking,0.9495,125.65,496,1776617199.752369
1776617199.907287,steps-cloud-yolo-tailscale,9,000009.jpg,1776617199.8954577,1776617199.8954544,0,,,122.55,258,1776617199.907312
1776617200.062464,steps-cloud-yolo-tailscale,10,000010.jpg,1776617200.0508769,1776617200.0508735,8,plastic_verpakking,0.8824,121.57,1210,1776617200.062513
1776617200.206717,steps-cloud-yolo-tailscale,11,000011.jpg,1776617200.1949625,1776617200.1949592,2,plastic_verpakking,0.931,111.21,495,1776617200.206747
1776617200.405538,steps-cloud-yolo-tailscale,12,000012.jpg,1776617200.3939118,1776617200.3939087,3,plastic_verpakking,0.9272,166.01,614,1776617200.405572
1776617200.557987,steps-cloud-yolo-tailscale,13,000013.jpg,1776617200.5461373,1776617200.546134,6,metalen_verpakking,0.9585,118.6,969,1776617200.558026
1776617200.673803,steps-cloud-yolo-tailscale,14,000014.jpg,1776617200.6621614,1776617200.6621583,1,plastic_verpakking,0.8622,83.3,376,1776617200.673833
1776617200.813461,steps-cloud-yolo-tailscale,15,000015.jpg,1776617200.8013318,1776617200.8013287,6,plastic_verpakking,0.9509,104.78,974,1776617200.813497
1776617200.94054,steps-cloud-yolo-tailscale,16,000017.jpg,1776617200.928905,1776617200.928902,3,plastic_verpakking,0.9515,89.0,613,1776617200.940569
1776617201.032498,steps-cloud-yolo-tailscale,17,000019.jpg,1776617201.0207283,1776617201.0207253,5,plastic_verpakking,0.9257,58.27,843,1776617201.032536
1776617201.09359,steps-cloud-yolo-tailscale,18,000020.jpg,1776617201.0816972,1776617201.0816944,3,metalen_verpakking,0.9745,28.62,612,1776617201.093626
1776617201.175009,steps-cloud-yolo-tailscale,19,000021.jpg,1776617201.1637194,1776617201.1637166,2,plastic_verpakking,0.961,49.4,489,1776617201.175037
1776617201.235184,steps-cloud-yolo-tailscale,20,000022.jpg,1776617201.2233746,1776617201.223372,6,plastic_verpakking,0.9679,26.85,972,1776617201.235216
1776617201.313476,steps-cloud-yolo-tailscale,21,000023.jpg,1776617201.3022282,1776617201.3022258,1,plastic_verpakking,0.9498,46.34,373,1776617201.313501
1776617201.403374,steps-cloud-yolo-tailscale,22,000024.jpg,1776617201.3916955,1776617201.3916926,12,plastic_verpakking,0.9204,53.57,1673,1776617201.403414
1776617201.464143,steps-cloud-yolo-tailscale,23,000025.jpg,1776617201.4522872,1776617201.452284,0,,,28.58,257,1776617201.464167
1776617201.526016,steps-cloud-yolo-tailscale,24,000026.jpg,1776617201.5143049,1776617201.5143023,2,plastic_verpakking,0.9372,29.71,494,1776617201.526045
1776617201.605736,steps-cloud-yolo-tailscale,25,000027.jpg,1776617201.593366,1776617201.593362,1,plastic_verpakking,0.9672,46.92,371,1776617201.605768
1776617201.687961,steps-cloud-yolo-tailscale,26,000028.jpg,1776617201.6759992,1776617201.675996,5,plastic_verpakking,0.9386,49.16,842,1776617201.687999
1776617201.775497,steps-cloud-yolo-tailscale,27,000029.jpg,1776617201.7639005,1776617201.7638977,24,plastic_verpakking,0.9519,48.62,3092,1776617201.77563
1776617201.838186,steps-cloud-yolo-tailscale,28,000030.jpg,1776617201.8265061,1776617201.8265035,3,metalen_verpakking,0.975,30.0,611,1776617201.838222
1776617201.972632,steps-cloud-yolo-tailscale,29,000031.jpg,1776617201.9608858,1776617201.9607563,1,plastic_verpakking,0.9449,101.92,377,1776617201.972664
1776617202.090011,steps-cloud-yolo-tailscale,30,000032.jpg,1776617202.0779893,1776617202.0779862,1,plastic_verpakking,0.8382,84.1,376,1776617202.090041
1776617202.183941,steps-cloud-yolo-tailscale,31,000033.jpg,1776617202.1721568,1776617202.1721542,1,plastic_verpakking,0.9541,61.52,376,1776617202.183973
1776617202.288157,steps-cloud-yolo-tailscale,32,000034.jpg,1776617202.2764866,1776617202.2764835,2,plastic_verpakking,0.9683,74.39,493,1776617202.288187
1776617202.378159,steps-cloud-yolo-tailscale,33,000035.jpg,1776617202.3664582,1776617202.3664553,1,metalen_verpakking,0.9525,57.61,377,1776617202.378192
1776617202.497926,steps-cloud-yolo-tailscale,34,000036.jpg,1776617202.486327,1776617202.4863236,1,plastic_verpakking,0.9627,87.13,376,1776617202.497954
1776617202.567551,steps-cloud-yolo-tailscale,35,000037.JPG,1776617202.5559413,1776617202.555938,8,plastic_verpakking,0.9174,36.1,1201,1776617202.567592
1776617202.738571,steps-cloud-yolo-tailscale,36,000038.jpg,1776617202.7267635,1776617202.7267601,3,metalen_verpakking,0.8841,138.06,617,1776617202.738606
1776617202.855309,steps-cloud-yolo-tailscale,37,000039.jpg,1776617202.843672,1776617202.8436692,1,plastic_verpakking,0.956,84.27,375,1776617202.855339
1776617202.951588,steps-cloud-yolo-tailscale,38,000040.JPG,1776617202.93993,1776617202.9399269,2,plastic_verpakking,0.6736,63.27,493,1776617202.951622
1776617203.034332,steps-cloud-yolo-tailscale,39,000041.JPG,1776617203.0226111,1776617203.0226083,2,metalen_verpakking,0.9576,50.0,496,1776617203.034367
1776617203.119678,steps-cloud-yolo-tailscale,40,000043.jpg,1776617203.1080644,1776617203.1080618,1,plastic_verpakking,0.897,52.88,374,1776617203.11971
1776617203.201536,steps-cloud-yolo-tailscale,41,000044.jpg,1776617203.189784,1776617203.1897817,1,metalen_verpakking,0.9324,49.27,374,1776617203.201563
1776617203.284155,steps-cloud-yolo-tailscale,42,000045.JPG,1776617203.2723823,1776617203.2723787,2,plastic_verpakking,0.9511,50.44,493,1776617203.284183
1776617203.354929,steps-cloud-yolo-tailscale,43,000046.jpg,1776617203.3431497,1776617203.3431468,2,plastic_verpakking,0.9647,38.51,497,1776617203.354965
1776617203.493323,steps-cloud-yolo-tailscale,44,000047.jpg,1776617203.481272,1776617203.481269,2,plastic_verpakking,0.9732,101.55,495,1776617203.493358
1776617203.577257,steps-cloud-yolo-tailscale,45,000048.JPG,1776617203.5655897,1776617203.565587,1,plastic_verpakking,0.9746,51.83,375,1776617203.577286
1776617203.686184,steps-cloud-yolo-tailscale,46,000049.jpg,1776617203.6740417,1776617203.674039,5,plastic_verpakking,0.9309,75.42,857,1776617203.686228
1776617203.761776,steps-cloud-yolo-tailscale,47,000050.JPG,1776617203.7499638,1776617203.7499597,1,plastic_verpakking,0.7764,43.0,372,1776617203.761805
1776617203.874789,steps-cloud-yolo-tailscale,48,000051.jpg,1776617203.862859,1776617203.8628557,2,plastic_verpakking,0.9529,80.57,496,1776617203.874823
1776617203.963108,steps-cloud-yolo-tailscale,49,000052.jpg,1776617203.9511604,1776617203.9511569,4,plastic_verpakking,0.9621,55.28,733,1776617203.963145
1776617204.05852,steps-cloud-yolo-tailscale,50,000053.jpg,1776617204.0471234,1776617204.0471203,2,plastic_verpakking,0.9575,63.2,496,1776617204.058554
1776617204.149339,steps-cloud-yolo-tailscale,51,000054.jpg,1776617204.1373327,1776617204.1373289,2,plastic_verpakking,0.9609,57.37,498,1776617204.149377
1776617204.243571,steps-cloud-yolo-tailscale,52,000055.jpg,1776617204.2317488,1776617204.2317452,3,plastic_verpakking,0.9623,61.12,617,1776617204.243604
1776617204.337222,steps-cloud-yolo-tailscale,53,000056.jpg,1776617204.3252501,1776617204.3252468,4,plastic_verpakking,0.9728,60.03,735,1776617204.337257
1776617204.441907,steps-cloud-yolo-tailscale,54,000057.jpg,1776617204.4297833,1776617204.4297807,2,plastic_verpakking,0.9192,71.78,496,1776617204.441946
1776617204.531415,steps-cloud-yolo-tailscale,55,000058.jpg,1776617204.5197554,1776617204.5197523,1,plastic_verpakking,0.9118,57.06,376,1776617204.531446
1776617204.619236,steps-cloud-yolo-tailscale,56,000059.jpg,1776617204.60729,1776617204.6072865,2,plastic_verpakking,0.9232,54.9,494,1776617204.619272
1776617204.685266,steps-cloud-yolo-tailscale,57,000060.jpg,1776617204.6732516,1776617204.6732485,2,plastic_verpakking,0.6992,32.65,491,1776617204.685299
1776617204.752787,steps-cloud-yolo-tailscale,58,000061.jpg,1776617204.740958,1776617204.7409549,1,plastic_verpakking,0.874,35.39,372,1776617204.752816
1776617204.817387,steps-cloud-yolo-tailscale,59,000062.jpg,1776617204.805535,1776617204.805532,2,plastic_verpakking,0.9629,32.34,490,1776617204.817417
1776617204.89781,steps-cloud-yolo-tailscale,60,000063.jpg,1776617204.8861675,1776617204.8861644,2,metalen_verpakking,0.9207,48.14,496,1776617204.897842
1776617205.000336,steps-cloud-yolo-tailscale,61,000064.jpg,1776617204.9883745,1776617204.9883711,5,plastic_verpakking,0.8952,66.19,845,1776617205.000371
1776617205.141288,steps-cloud-yolo-tailscale,62,000065.jpg,1776617205.1292667,1776617205.1292639,5,metalen_verpakking,0.9292,107.94,860,1776617205.141326
1776617205.277858,steps-cloud-yolo-tailscale,63,000066.jpg,1776617205.2660234,1776617205.26602,3,plastic_verpakking,0.9233,104.15,610,1776617205.27789
1776617205.360145,steps-cloud-yolo-tailscale,64,000067.jpg,1776617205.348443,1776617205.3484395,2,metalen_verpakking,0.9487,49.49,493,1776617205.360179
1776617205.430555,steps-cloud-yolo-tailscale,65,000068.jpg,1776617205.4188678,1776617205.418864,2,metalen_verpakking,0.9683,38.06,489,1776617205.43059
1776617205.499879,steps-cloud-yolo-tailscale,66,000069.jpg,1776617205.4878492,1776617205.487846,1,plastic_verpakking,0.8866,36.45,373,1776617205.499912
1776617205.57029,steps-cloud-yolo-tailscale,67,000070.jpg,1776617205.5584087,1776617205.5584056,5,plastic_verpakking,0.6176,37.47,844,1776617205.570326
1776617205.673427,steps-cloud-yolo-tailscale,68,000071.jpg,1776617205.6616743,1776617205.6616712,2,plastic_verpakking,0.9512,70.76,494,1776617205.67346
1776617205.738689,steps-cloud-yolo-tailscale,69,000072.jpg,1776617205.7267628,1776617205.72676,2,plastic_verpakking,0.9605,32.79,491,1776617205.738724
1776617205.818671,steps-cloud-yolo-tailscale,70,000073.JPG,1776617205.8070157,1776617205.8070126,3,plastic_verpakking,0.9408,47.66,611,1776617205.818703
1776617205.888433,steps-cloud-yolo-tailscale,71,000074.jpg,1776617205.876714,1776617205.8767107,3,plastic_verpakking,0.9617,37.06,608,1776617205.888469
1776617205.95002,steps-cloud-yolo-tailscale,72,000075.jpg,1776617205.9380314,1776617205.9380283,2,plastic_verpakking,0.9673,29.03,492,1776617205.950053
1776617206.011297,steps-cloud-yolo-tailscale,73,000076.jpg,1776617205.9995825,1776617205.9995794,3,metalen_verpakking,0.9483,28.85,606,1776617206.011328
1776617206.072,steps-cloud-yolo-tailscale,74,000077.jpg,1776617206.060391,1776617206.0603871,1,plastic_verpakking,0.9751,28.47,373,1776617206.072028
1776617206.159104,steps-cloud-yolo-tailscale,75,000078.jpg,1776617206.1475189,1776617206.1475155,3,metalen_verpakking,0.9579,54.24,616,1776617206.159139
1776617206.239381,steps-cloud-yolo-tailscale,76,000079.jpg,1776617206.22771,1776617206.227707,1,plastic_verpakking,0.938,47.85,370,1776617206.239413
1776617206.307861,steps-cloud-yolo-tailscale,77,000080.jpg,1776617206.2959595,1776617206.295957,2,plastic_verpakking,0.9275,35.66,491,1776617206.307892
1776617206.370301,steps-cloud-yolo-tailscale,78,000081.jpg,1776617206.3585067,1776617206.3585036,1,plastic_verpakking,0.935,30.52,373,1776617206.37033
1776617206.448497,steps-cloud-yolo-tailscale,79,000082.JPG,1776617206.436869,1776617206.4368663,3,plastic_verpakking,0.8847,45.93,617,1776617206.448529
1776617206.541533,steps-cloud-yolo-tailscale,80,000083.JPG,1776617206.5296583,1776617206.5296552,2,plastic_verpakking,0.9158,60.48,496,1776617206.541564
1776617206.610054,steps-cloud-yolo-tailscale,81,000085.JPG,1776617206.598682,1776617206.5986784,1,plastic_verpakking,0.9588,36.69,375,1776617206.610083
1776617206.678157,steps-cloud-yolo-tailscale,82,000086.JPG,1776617206.6665058,1776617206.6665025,2,metalen_verpakking,0.9442,35.13,493,1776617206.678193
1776617206.746681,steps-cloud-yolo-tailscale,83,000087.JPG,1776617206.7348585,1776617206.7348557,3,plastic_verpakking,0.922,35.96,609,1776617206.746716
1776617206.844922,steps-cloud-yolo-tailscale,84,000088.JPG,1776617206.8330803,1776617206.8330772,1,metalen_verpakking,0.8148,65.97,376,1776617206.844955
1776617206.931065,steps-cloud-yolo-tailscale,85,000089.JPG,1776617206.919258,1776617206.919255,1,plastic_verpakking,0.9566,54.05,374,1776617206.931093
1776617207.014024,steps-cloud-yolo-tailscale,86,000090.JPG,1776617207.0021293,1776617207.0021257,2,plastic_verpakking,0.9342,46.85,493,1776617207.014059
1776617207.115208,steps-cloud-yolo-tailscale,87,000091.JPG,1776617207.1034627,1776617207.1034596,1,metalen_verpakking,0.9701,69.01,374,1776617207.115239
1776617207.191951,steps-cloud-yolo-tailscale,88,000092.JPG,1776617207.179686,1776617207.1796825,6,plastic_verpakking,0.845,43.05,974,1776617207.191986
1776617207.255211,steps-cloud-yolo-tailscale,89,000093.JPG,1776617207.2435944,1776617207.2435913,2,plastic_verpakking,0.9584,31.28,498,1776617207.255243
1776617207.334391,steps-cloud-yolo-tailscale,90,000094.JPG,1776617207.322791,1776617207.3227878,2,plastic_verpakking,0.9458,46.74,494,1776617207.334421
1776617207.39737,steps-cloud-yolo-tailscale,91,000095.JPG,1776617207.3854713,1776617207.385468,1,plastic_verpakking,0.9596,27.19,375,1776617207.397402
1776617207.47905,steps-cloud-yolo-tailscale,92,000097.JPG,1776617207.4673755,1776617207.4673727,6,plastic_verpakking,0.9469,48.46,980,1776617207.479087
1776617207.558502,steps-cloud-yolo-tailscale,93,000098.JPG,1776617207.5469198,1776617207.5469172,1,metalen_verpakking,0.9468,47.18,375,1776617207.558534
1776617207.621091,steps-cloud-yolo-tailscale,94,000099.JPG,1776617207.6092563,1776617207.6092532,5,plastic_verpakking,0.9698,29.58,860,1776617207.621127
1776617207.704707,steps-cloud-yolo-tailscale,95,000100.JPG,1776617207.6929042,1776617207.6929004,2,plastic_verpakking,0.9567,51.23,494,1776617207.704743
1776617207.767134,steps-cloud-yolo-tailscale,96,000101.JPG,1776617207.7554567,1776617207.755453,2,plastic_verpakking,0.939,29.99,496,1776617207.767165
1776617207.852331,steps-cloud-yolo-tailscale,97,000102.JPG,1776617207.8406386,1776617207.8406355,6,plastic_verpakking,0.9453,51.9,974,1776617207.852365
1776617207.927014,steps-cloud-yolo-tailscale,98,000103.JPG,1776617207.915166,1776617207.915163,2,plastic_verpakking,0.9066,42.29,485,1776617207.927042
1776617207.990683,steps-cloud-yolo-tailscale,99,000104.JPG,1776617207.9789438,1776617207.978941,2,plastic_verpakking,0.9707,31.56,494,1776617207.990717
1776617208.083711,steps-cloud-yolo-tailscale,100,test.jpg,1776617208.0718603,1776617208.0718572,1,metalen_verpakking,0.9686,60.56,373,1776617208.083742
1776617415.867788,steps-cloud-yolo-tailscale,1,000000.jpg,1776617415.8560977,1776617415.8560941,4,metalen_verpakking,0.9391,1928.33,726,1776617415.867828
1776617416.07518,steps-cloud-yolo-tailscale,2,000001.jpg,1776617416.0633202,1776617416.0633168,1,plastic_verpakking,0.9378,174.35,377,1776617416.075212
1776617416.209002,steps-cloud-yolo-tailscale,3,000002.jpg,1776617416.1971474,1776617416.197144,1,plastic_verpakking,0.7975,100.92,376,1776617416.209031
1776617416.362344,steps-cloud-yolo-tailscale,4,000003.jpg,1776617416.3501985,1776617416.3501954,1,plastic_verpakking,0.935,120.71,374,1776617416.362609
1776617416.537403,steps-cloud-yolo-tailscale,5,000004.jpg,1776617416.5255406,1776617416.525536,1,plastic_verpakking,0.8714,142.49,371,1776617416.537435
1776617416.711428,steps-cloud-yolo-tailscale,6,000005.jpg,1776617416.699592,1776617416.6995878,1,plastic_verpakking,0.9639,141.21,374,1776617416.71146
1776617416.863009,steps-cloud-yolo-tailscale,7,000006.jpg,1776617416.8509812,1776617416.8509774,1,plastic_verpakking,0.8271,118.69,377,1776617416.863043
1776617417.048587,steps-cloud-yolo-tailscale,8,000007.jpg,1776617417.03643,1776617417.0364258,2,plastic_verpakking,0.9495,152.29,495,1776617417.048622
1776617417.197016,steps-cloud-yolo-tailscale,9,000009.jpg,1776617417.1851366,1776617417.1851335,0,,,115.98,258,1776617417.197044
1776617417.379175,steps-cloud-yolo-tailscale,10,000010.jpg,1776617417.3670728,1776617417.3670695,8,plastic_verpakking,0.8824,146.52,1210,1776617417.379212
1776617417.524002,steps-cloud-yolo-tailscale,11,000011.jpg,1776617417.5116138,1776617417.5116103,2,plastic_verpakking,0.931,111.59,495,1776617417.524039
1776617417.676741,steps-cloud-yolo-tailscale,12,000012.jpg,1776617417.664647,1776617417.664644,3,plastic_verpakking,0.9272,120.15,612,1776617417.676778
1776617417.868399,steps-cloud-yolo-tailscale,13,000013.jpg,1776617417.8564324,1776617417.856429,6,metalen_verpakking,0.9585,158.4,969,1776617417.868435
1776617417.983673,steps-cloud-yolo-tailscale,14,000014.jpg,1776617417.9717562,1776617417.971753,1,plastic_verpakking,0.8622,82.73,376,1776617417.983707
1776617418.093394,steps-cloud-yolo-tailscale,15,000015.jpg,1776617418.0814743,1776617418.0814712,6,plastic_verpakking,0.9509,76.85,973,1776617418.093431
1776617418.185966,steps-cloud-yolo-tailscale,16,000017.jpg,1776617418.1740062,1776617418.1740026,3,plastic_verpakking,0.9515,56.79,616,1776617418.185999
1776617418.259901,steps-cloud-yolo-tailscale,17,000019.jpg,1776617418.2482064,1776617418.2482033,5,plastic_verpakking,0.9257,41.22,843,1776617418.25994
1776617418.325881,steps-cloud-yolo-tailscale,18,000020.jpg,1776617418.314027,1776617418.314025,3,metalen_verpakking,0.9745,33.24,610,1776617418.325914
1776617418.386419,steps-cloud-yolo-tailscale,19,000021.jpg,1776617418.3748744,1776617418.374872,2,plastic_verpakking,0.961,28.44,489,1776617418.386446
1776617418.447157,steps-cloud-yolo-tailscale,20,000022.jpg,1776617418.4353979,1776617418.4353948,6,plastic_verpakking,0.9679,27.4,972,1776617418.447193
1776617418.50562,steps-cloud-yolo-tailscale,21,000023.jpg,1776617418.4939575,1776617418.4939551,1,plastic_verpakking,0.9498,26.33,373,1776617418.50565
1776617418.572785,steps-cloud-yolo-tailscale,22,000024.jpg,1776617418.561003,1776617418.5609996,12,plastic_verpakking,0.9204,33.08,1672,1776617418.57283
1776617418.639299,steps-cloud-yolo-tailscale,23,000025.jpg,1776617418.6280315,1776617418.6280286,0,,,34.93,258,1776617418.639325
1776617418.70266,steps-cloud-yolo-tailscale,24,000026.jpg,1776617418.6909997,1776617418.6909962,2,plastic_verpakking,0.9372,30.76,494,1776617418.70269
1776617418.761968,steps-cloud-yolo-tailscale,25,000027.jpg,1776617418.7501638,1776617418.750161,1,plastic_verpakking,0.9672,26.84,372,1776617418.762
1776617418.824506,steps-cloud-yolo-tailscale,26,000028.jpg,1776617418.8124697,1776617418.8124664,5,plastic_verpakking,0.9386,29.52,843,1776617418.824544
1776617418.897785,steps-cloud-yolo-tailscale,27,000029.jpg,1776617418.8857095,1776617418.885706,24,plastic_verpakking,0.9519,36.52,3091,1776617418.897849
1776617418.968002,steps-cloud-yolo-tailscale,28,000030.jpg,1776617418.9561875,1776617418.9561844,3,metalen_verpakking,0.975,37.69,612,1776617418.968037
1776617419.091158,steps-cloud-yolo-tailscale,29,000031.jpg,1776617419.0794961,1776617419.0794926,1,plastic_verpakking,0.9449,90.86,376,1776617419.091188
1776617419.207821,steps-cloud-yolo-tailscale,30,000032.jpg,1776617419.1960464,1776617419.1960433,1,plastic_verpakking,0.8382,83.93,377,1776617419.207856
1776617419.338347,steps-cloud-yolo-tailscale,31,000033.jpg,1776617419.326744,1776617419.326741,1,plastic_verpakking,0.9541,98.13,374,1776617419.338375
1776617419.444885,steps-cloud-yolo-tailscale,32,000034.jpg,1776617419.433202,1776617419.4331992,2,plastic_verpakking,0.9683,73.44,492,1776617419.444919
1776617419.560213,steps-cloud-yolo-tailscale,33,000035.jpg,1776617419.548425,1776617419.548422,1,metalen_verpakking,0.9525,82.75,375,1776617419.560272
1776617419.684608,steps-cloud-yolo-tailscale,34,000036.jpg,1776617419.6729045,1776617419.6729014,1,plastic_verpakking,0.9627,91.78,377,1776617419.684638
1776617419.75969,steps-cloud-yolo-tailscale,35,000037.JPG,1776617419.7477555,1776617419.7477524,8,plastic_verpakking,0.9174,40.71,1203,1776617419.75973
1776617419.918476,steps-cloud-yolo-tailscale,36,000038.jpg,1776617419.9063306,1776617419.906327,3,metalen_verpakking,0.8841,125.94,616,1776617419.918508
1776617420.050133,steps-cloud-yolo-tailscale,37,000039.jpg,1776617420.0383813,1776617420.0383785,1,plastic_verpakking,0.956,99.39,376,1776617420.050159
1776617420.169818,steps-cloud-yolo-tailscale,38,000040.JPG,1776617420.158103,1776617420.1581,2,plastic_verpakking,0.6736,86.61,491,1776617420.16985
1776617420.261041,steps-cloud-yolo-tailscale,39,000041.JPG,1776617420.2492898,1776617420.2492867,2,metalen_verpakking,0.9576,57.96,497,1776617420.261075
1776617420.34678,steps-cloud-yolo-tailscale,40,000043.jpg,1776617420.3348162,1776617420.334813,1,plastic_verpakking,0.897,53.03,373,1776617420.346808
1776617420.408672,steps-cloud-yolo-tailscale,41,000044.jpg,1776617420.3968973,1776617420.396895,1,metalen_verpakking,0.9324,29.72,374,1776617420.408698
1776617420.49448,steps-cloud-yolo-tailscale,42,000045.JPG,1776617420.4827337,1776617420.482731,2,plastic_verpakking,0.9511,53.19,492,1776617420.494509
1776617420.575341,steps-cloud-yolo-tailscale,43,000046.jpg,1776617420.5634542,1776617420.56345,2,plastic_verpakking,0.9647,48.12,495,1776617420.575374
1776617420.678669,steps-cloud-yolo-tailscale,44,000047.jpg,1776617420.6668382,1776617420.6668348,2,plastic_verpakking,0.9732,68.37,496,1776617420.678703
1776617420.76724,steps-cloud-yolo-tailscale,45,000048.JPG,1776617420.7555563,1776617420.755553,1,plastic_verpakking,0.9746,56.23,375,1776617420.767272
1776617420.880196,steps-cloud-yolo-tailscale,46,000049.jpg,1776617420.8682125,1776617420.8682098,5,plastic_verpakking,0.9309,79.71,858,1776617420.880275
1776617420.947983,steps-cloud-yolo-tailscale,47,000050.JPG,1776617420.9365082,1776617420.9365053,1,plastic_verpakking,0.7764,35.87,373,1776617420.948011
1776617421.067202,steps-cloud-yolo-tailscale,48,000051.jpg,1776617421.0553637,1776617421.0553606,2,plastic_verpakking,0.9529,86.66,497,1776617421.067237
1776617421.161931,steps-cloud-yolo-tailscale,49,000052.jpg,1776617421.1500602,1776617421.1500578,4,plastic_verpakking,0.9621,61.65,733,1776617421.161968
1776617421.253915,steps-cloud-yolo-tailscale,50,000053.jpg,1776617421.2420464,1776617421.2420425,2,plastic_verpakking,0.9575,59.38,497,1776617421.253952
1776617421.347803,steps-cloud-yolo-tailscale,51,000054.jpg,1776617421.336005,1776617421.3360016,2,plastic_verpakking,0.9609,61.1,496,1776617421.347833
1776617421.436651,steps-cloud-yolo-tailscale,52,000055.jpg,1776617421.4249804,1776617421.4249773,3,plastic_verpakking,0.9623,55.95,617,1776617421.436696
1776617421.525896,steps-cloud-yolo-tailscale,53,000056.jpg,1776617421.5141864,1776617421.5141838,4,plastic_verpakking,0.9728,55.92,735,1776617421.525929
1776617421.622926,steps-cloud-yolo-tailscale,54,000057.jpg,1776617421.6111875,1776617421.6111841,2,plastic_verpakking,0.9192,64.44,496,1776617421.62296
1776617421.718571,steps-cloud-yolo-tailscale,55,000058.jpg,1776617421.7069201,1776617421.706916,1,plastic_verpakking,0.9118,63.12,375,1776617421.718602
1776617421.805631,steps-cloud-yolo-tailscale,56,000059.jpg,1776617421.793687,1776617421.7936842,2,plastic_verpakking,0.9232,53.99,496,1776617421.805666
1776617421.871702,steps-cloud-yolo-tailscale,57,000060.jpg,1776617421.8597686,1776617421.8597643,2,plastic_verpakking,0.6992,33.14,491,1776617421.871734
1776617421.942037,steps-cloud-yolo-tailscale,58,000061.jpg,1776617421.9303677,1776617421.9303646,1,plastic_verpakking,0.874,38.26,373,1776617421.942073
1776617422.014564,steps-cloud-yolo-tailscale,59,000062.jpg,1776617422.0025964,1776617422.0025923,2,plastic_verpakking,0.9629,39.76,492,1776617422.014597
1776617422.099566,steps-cloud-yolo-tailscale,60,000063.jpg,1776617422.0879717,1776617422.087968,2,metalen_verpakking,0.9207,52.88,495,1776617422.099597
1776617422.252371,steps-cloud-yolo-tailscale,61,000064.jpg,1776617422.2407465,1776617422.2407432,5,plastic_verpakking,0.8952,120.11,846,1776617422.252404
1776617422.371925,steps-cloud-yolo-tailscale,62,000065.jpg,1776617422.3599677,1776617422.3599648,5,metalen_verpakking,0.9292,85.75,859,1776617422.371961
1776617422.493207,steps-cloud-yolo-tailscale,63,000066.jpg,1776617422.481478,1776617422.4814746,3,plastic_verpakking,0.9233,88.56,610,1776617422.49324
1776617422.559923,steps-cloud-yolo-tailscale,64,000067.jpg,1776617422.5480433,1776617422.5480402,2,metalen_verpakking,0.9487,33.67,494,1776617422.559953
1776617422.627265,steps-cloud-yolo-tailscale,65,000068.jpg,1776617422.615482,1776617422.615479,2,metalen_verpakking,0.9683,35.12,488,1776617422.627299
1776617422.691459,steps-cloud-yolo-tailscale,66,000069.jpg,1776617422.6800275,1776617422.6800244,1,plastic_verpakking,0.8866,32.22,374,1776617422.691489
1776617422.756477,steps-cloud-yolo-tailscale,67,000070.jpg,1776617422.7447476,1776617422.7447448,5,plastic_verpakking,0.6176,32.18,844,1776617422.756514
1776617422.855494,steps-cloud-yolo-tailscale,68,000071.jpg,1776617422.8436377,1776617422.8436346,2,plastic_verpakking,0.9512,66.6,493,1776617422.855526
1776617422.927459,steps-cloud-yolo-tailscale,69,000072.jpg,1776617422.915523,1776617422.9155195,2,plastic_verpakking,0.9605,34.11,492,1776617422.927492
1776617423.022702,steps-cloud-yolo-tailscale,70,000073.JPG,1776617423.0107543,1776617423.0107512,3,plastic_verpakking,0.9408,62.75,611,1776617423.022736
1776617423.085349,steps-cloud-yolo-tailscale,71,000074.jpg,1776617423.0735042,1776617423.073502,3,plastic_verpakking,0.9617,30.21,608,1776617423.085378
1776617423.146775,steps-cloud-yolo-tailscale,72,000075.jpg,1776617423.1347513,1776617423.1347487,2,plastic_verpakking,0.9673,28.92,492,1776617423.146808
1776617423.207026,steps-cloud-yolo-tailscale,73,000076.jpg,1776617423.1951702,1776617423.195167,3,metalen_verpakking,0.9483,27.97,605,1776617423.207063
1776617423.262743,steps-cloud-yolo-tailscale,74,000077.jpg,1776617423.2510037,1776617423.2510002,1,plastic_verpakking,0.9751,23.69,374,1776617423.262773
1776617423.341562,steps-cloud-yolo-tailscale,75,000078.jpg,1776617423.3296485,1776617423.3296452,3,metalen_verpakking,0.9579,46.16,616,1776617423.341596
1776617423.435143,steps-cloud-yolo-tailscale,76,000079.jpg,1776617423.4232924,1776617423.423289,1,plastic_verpakking,0.938,61.44,372,1776617423.435177
1776617423.503124,steps-cloud-yolo-tailscale,77,000080.jpg,1776617423.4912817,1776617423.4912786,2,plastic_verpakking,0.9275,31.03,492,1776617423.503154
1776617423.573921,steps-cloud-yolo-tailscale,78,000081.jpg,1776617423.5621345,1776617423.562131,1,plastic_verpakking,0.935,38.41,372,1776617423.573953
1776617423.67204,steps-cloud-yolo-tailscale,79,000082.JPG,1776617423.6601896,1776617423.6601865,3,plastic_verpakking,0.8847,65.48,618,1776617423.672076
1776617423.761538,steps-cloud-yolo-tailscale,80,000083.JPG,1776617423.7499013,1776617423.7498984,2,plastic_verpakking,0.9158,57.3,495,1776617423.761569
1776617423.837499,steps-cloud-yolo-tailscale,81,000085.JPG,1776617423.8256817,1776617423.8256788,1,plastic_verpakking,0.9588,43.42,376,1776617423.83753
1776617423.902009,steps-cloud-yolo-tailscale,82,000086.JPG,1776617423.8901043,1776617423.8901012,2,metalen_verpakking,0.9442,31.97,493,1776617423.902043
1776617423.971499,steps-cloud-yolo-tailscale,83,000087.JPG,1776617423.959828,1776617423.9598246,3,plastic_verpakking,0.922,37.11,608,1776617423.971535
1776617424.05595,steps-cloud-yolo-tailscale,84,000088.JPG,1776617424.0441518,1776617424.0441482,1,metalen_verpakking,0.8148,51.91,376,1776617424.055982
1776617424.13272,steps-cloud-yolo-tailscale,85,000089.JPG,1776617424.1209161,1776617424.1209128,1,plastic_verpakking,0.9566,44.6,375,1776617424.13275
1776617424.227782,steps-cloud-yolo-tailscale,86,000090.JPG,1776617424.2161512,1776617424.216148,2,plastic_verpakking,0.9342,62.02,492,1776617424.227815
1776617424.327132,steps-cloud-yolo-tailscale,87,000091.JPG,1776617424.3154447,1776617424.3154414,1,metalen_verpakking,0.9701,66.93,374,1776617424.327165
1776617424.405436,steps-cloud-yolo-tailscale,88,000092.JPG,1776617424.3937845,1776617424.3937812,6,plastic_verpakking,0.845,45.15,975,1776617424.40547
1776617424.468311,steps-cloud-yolo-tailscale,89,000093.JPG,1776617424.4565344,1776617424.4565315,2,plastic_verpakking,0.9584,30.27,498,1776617424.468339
1776617424.567906,steps-cloud-yolo-tailscale,90,000094.JPG,1776617424.5560756,1776617424.5560727,2,plastic_verpakking,0.9458,66.85,495,1776617424.56794
1776617424.626501,steps-cloud-yolo-tailscale,91,000095.JPG,1776617424.614791,1776617424.6147888,1,plastic_verpakking,0.9596,26.43,375,1776617424.626532
1776617424.732254,steps-cloud-yolo-tailscale,92,000097.JPG,1776617424.720148,1776617424.7201452,6,plastic_verpakking,0.9469,71.23,979,1776617424.732316
1776617424.832667,steps-cloud-yolo-tailscale,93,000098.JPG,1776617424.820762,1776617424.8207586,1,metalen_verpakking,0.9468,66.61,374,1776617424.832697
1776617424.896002,steps-cloud-yolo-tailscale,94,000099.JPG,1776617424.8839872,1776617424.8839846,5,plastic_verpakking,0.9698,29.82,860,1776617424.89604
1776617424.986502,steps-cloud-yolo-tailscale,95,000100.JPG,1776617424.9746687,1776617424.9746654,2,plastic_verpakking,0.9567,58.05,494,1776617424.986533
1776617425.072262,steps-cloud-yolo-tailscale,96,000101.JPG,1776617425.0603783,1776617425.0603752,2,plastic_verpakking,0.939,53.02,497,1776617425.072297
1776617425.152445,steps-cloud-yolo-tailscale,97,000102.JPG,1776617425.1408396,1776617425.1408372,6,plastic_verpakking,0.9453,47.3,974,1776617425.152482
1776617425.222121,steps-cloud-yolo-tailscale,98,000103.JPG,1776617425.2104127,1776617425.2104096,2,plastic_verpakking,0.9066,37.09,487,1776617425.222155
1776617425.286632,steps-cloud-yolo-tailscale,99,000104.JPG,1776617425.2753847,1776617425.2753816,2,plastic_verpakking,0.9707,32.43,495,1776617425.286664
1776617425.414845,steps-cloud-yolo-tailscale,100,test.jpg,1776617425.4033103,1776617425.403307,1,metalen_verpakking,0.9686,95.57,372,1776617425.414874
1776617585.70558,steps-cloud-yolo-tailscale,1,000000.jpg,1776617585.6937702,1776617585.6937668,4,metalen_verpakking,0.9391,1890.84,726,1776617585.705623
1776617585.879317,steps-cloud-yolo-tailscale,2,000001.jpg,1776617585.867506,1776617585.867503,1,plastic_verpakking,0.9378,141.01,375,1776617585.87935
1776617586.01387,steps-cloud-yolo-tailscale,3,000002.jpg,1776617586.002077,1776617586.0020735,1,plastic_verpakking,0.7975,101.9,375,1776617586.013903
1776617586.167307,steps-cloud-yolo-tailscale,4,000003.jpg,1776617586.155554,1776617586.1555512,1,plastic_verpakking,0.935,120.99,373,1776617586.16734
1776617586.31603,steps-cloud-yolo-tailscale,5,000004.jpg,1776617586.3044841,1776617586.3044815,1,plastic_verpakking,0.8714,116.41,372,1776617586.316062
1776617586.489527,steps-cloud-yolo-tailscale,6,000005.jpg,1776617586.4776516,1776617586.4776473,1,plastic_verpakking,0.9639,139.74,375,1776617586.489558
1776617586.642835,steps-cloud-yolo-tailscale,7,000006.jpg,1776617586.6311295,1776617586.6311262,1,plastic_verpakking,0.8271,120.85,377,1776617586.64287
1776617586.792172,steps-cloud-yolo-tailscale,8,000007.jpg,1776617586.7804031,1776617586.780399,2,plastic_verpakking,0.9495,116.77,496,1776617586.792205
1776617586.940362,steps-cloud-yolo-tailscale,9,000009.jpg,1776617586.9285371,1776617586.9285338,0,,,115.83,258,1776617586.940393
1776617587.111114,steps-cloud-yolo-tailscale,10,000010.jpg,1776617587.0993657,1776617587.0993626,8,plastic_verpakking,0.8824,135.97,1210,1776617587.111156
1776617587.275706,steps-cloud-yolo-tailscale,11,000011.jpg,1776617587.2637851,1776617587.2637823,2,plastic_verpakking,0.931,131.54,495,1776617587.275734
1776617587.424922,steps-cloud-yolo-tailscale,12,000012.jpg,1776617587.4128141,1776617587.4128113,3,plastic_verpakking,0.9272,116.18,614,1776617587.424957
1776617587.598264,steps-cloud-yolo-tailscale,13,000013.jpg,1776617587.586485,1776617587.5864818,6,metalen_verpakking,0.9585,139.39,970,1776617587.598298
1776617587.741753,steps-cloud-yolo-tailscale,14,000014.jpg,1776617587.7299433,1776617587.72994,1,plastic_verpakking,0.8622,109.73,376,1776617587.74178
1776617587.857712,steps-cloud-yolo-tailscale,15,000015.jpg,1776617587.8457832,1776617587.8457801,6,plastic_verpakking,0.9509,82.61,973,1776617587.857762
1776617587.95396,steps-cloud-yolo-tailscale,16,000017.jpg,1776617587.9422214,1776617587.942218,3,plastic_verpakking,0.9515,61.03,615,1776617587.953993
1776617588.029036,steps-cloud-yolo-tailscale,17,000019.jpg,1776617588.017287,1776617588.017284,5,plastic_verpakking,0.9257,42.0,840,1776617588.029071
1776617588.097183,steps-cloud-yolo-tailscale,18,000020.jpg,1776617588.084572,1776617588.084569,3,metalen_verpakking,0.9745,34.52,610,1776617588.097218
1776617588.16519,steps-cloud-yolo-tailscale,19,000021.jpg,1776617588.1533477,1776617588.1533446,2,plastic_verpakking,0.961,36.39,490,1776617588.16523
1776617588.226491,steps-cloud-yolo-tailscale,20,000022.jpg,1776617588.2147505,1776617588.214747,6,plastic_verpakking,0.9679,28.46,972,1776617588.22653
1776617588.292221,steps-cloud-yolo-tailscale,21,000023.jpg,1776617588.280474,1776617588.2804706,1,plastic_verpakking,0.9498,33.47,372,1776617588.292253
1776617588.358592,steps-cloud-yolo-tailscale,22,000024.jpg,1776617588.346989,1776617588.3469858,12,plastic_verpakking,0.9204,32.61,1672,1776617588.358639
1776617588.427085,steps-cloud-yolo-tailscale,23,000025.jpg,1776617588.4156418,1776617588.4156394,0,,,36.65,258,1776617588.427112
1776617588.494087,steps-cloud-yolo-tailscale,24,000026.jpg,1776617588.4823713,1776617588.4823685,2,plastic_verpakking,0.9372,34.29,494,1776617588.494118
1776617588.553738,steps-cloud-yolo-tailscale,25,000027.jpg,1776617588.542187,1776617588.5421839,1,plastic_verpakking,0.9672,27.34,372,1776617588.553768
1776617588.617275,steps-cloud-yolo-tailscale,26,000028.jpg,1776617588.6052315,1776617588.605229,5,plastic_verpakking,0.9386,30.29,842,1776617588.617311
1776617588.694772,steps-cloud-yolo-tailscale,27,000029.jpg,1776617588.683079,1776617588.6830754,24,plastic_verpakking,0.9519,37.54,3091,1776617588.694864
1776617588.758585,steps-cloud-yolo-tailscale,28,000030.jpg,1776617588.747013,1776617588.7470098,3,metalen_verpakking,0.975,31.38,611,1776617588.758622
1776617588.905725,steps-cloud-yolo-tailscale,29,000031.jpg,1776617588.8939106,1776617588.8939075,1,plastic_verpakking,0.9449,114.45,377,1776617588.905759
1776617589.063888,steps-cloud-yolo-tailscale,30,000032.jpg,1776617589.051765,1776617589.0517619,1,plastic_verpakking,0.8382,125.18,377,1776617589.063917
1776617589.22255,steps-cloud-yolo-tailscale,31,000033.jpg,1776617589.2108967,1776617589.210893,1,plastic_verpakking,0.9541,125.52,376,1776617589.222579
1776617589.329876,steps-cloud-yolo-tailscale,32,000034.jpg,1776617589.3180583,1776617589.318055,2,plastic_verpakking,0.9683,74.5,491,1776617589.329908
1776617589.443246,steps-cloud-yolo-tailscale,33,000035.jpg,1776617589.4316266,1776617589.4316237,1,metalen_verpakking,0.9525,80.8,376,1776617589.443274
1776617589.564117,steps-cloud-yolo-tailscale,34,000036.jpg,1776617589.552431,1776617589.5524278,1,plastic_verpakking,0.9627,88.51,376,1776617589.564151
1776617589.630562,steps-cloud-yolo-tailscale,35,000037.JPG,1776617589.618402,1776617589.618399,8,plastic_verpakking,0.9174,32.4,1200,1776617589.630604
1776617589.788002,steps-cloud-yolo-tailscale,36,000038.jpg,1776617589.7762756,1776617589.7762725,3,metalen_verpakking,0.8841,125.1,616,1776617589.788036
1776617589.923543,steps-cloud-yolo-tailscale,37,000039.jpg,1776617589.91185,1776617589.9118469,1,plastic_verpakking,0.956,102.93,375,1776617589.923576
1776617590.046018,steps-cloud-yolo-tailscale,38,000040.JPG,1776617590.0341883,1776617590.0341852,2,plastic_verpakking,0.6736,89.13,495,1776617590.046049
1776617590.133145,steps-cloud-yolo-tailscale,39,000041.JPG,1776617590.1213334,1776617590.1213305,2,metalen_verpakking,0.9576,54.03,497,1776617590.133178
1776617590.199009,steps-cloud-yolo-tailscale,40,000043.jpg,1776617590.187508,1776617590.1875052,1,plastic_verpakking,0.897,33.47,373,1776617590.199041
1776617590.283416,steps-cloud-yolo-tailscale,41,000044.jpg,1776617590.272033,1776617590.2720296,1,metalen_verpakking,0.9324,51.74,374,1776617590.283449
1776617590.363664,steps-cloud-yolo-tailscale,42,000045.JPG,1776617590.3517783,1776617590.3517754,2,plastic_verpakking,0.9511,47.54,493,1776617590.363702
1776617590.438046,steps-cloud-yolo-tailscale,43,000046.jpg,1776617590.42636,1776617590.426357,2,plastic_verpakking,0.9647,42.11,494,1776617590.438079
1776617590.537408,steps-cloud-yolo-tailscale,44,000047.jpg,1776617590.5254576,1776617590.5254536,2,plastic_verpakking,0.9732,64.05,496,1776617590.537441
1776617590.619348,steps-cloud-yolo-tailscale,45,000048.JPG,1776617590.6076005,1776617590.6075974,1,plastic_verpakking,0.9746,49.66,376,1776617590.61938
1776617590.753916,steps-cloud-yolo-tailscale,46,000049.jpg,1776617590.7419884,1776617590.741985,5,plastic_verpakking,0.9309,100.57,858,1776617590.753951
1776617590.846353,steps-cloud-yolo-tailscale,47,000050.JPG,1776617590.8346999,1776617590.8346968,1,plastic_verpakking,0.7764,60.15,373,1776617590.846383
1776617590.958808,steps-cloud-yolo-tailscale,48,000051.jpg,1776617590.9470782,1776617590.9470754,2,plastic_verpakking,0.9529,79.58,497,1776617590.958838
1776617591.074415,steps-cloud-yolo-tailscale,49,000052.jpg,1776617591.0625615,1776617591.0625584,4,plastic_verpakking,0.9621,81.82,733,1776617591.074453
1776617591.160187,steps-cloud-yolo-tailscale,50,000053.jpg,1776617591.1485486,1776617591.1485453,2,plastic_verpakking,0.9575,53.39,497,1776617591.160221
1776617591.277176,steps-cloud-yolo-tailscale,51,000054.jpg,1776617591.2654681,1776617591.2654648,2,plastic_verpakking,0.9609,83.85,498,1776617591.277206
1776617591.360247,steps-cloud-yolo-tailscale,52,000055.jpg,1776617591.3485453,1776617591.3485425,3,plastic_verpakking,0.9623,50.01,617,1776617591.36028
1776617591.444556,steps-cloud-yolo-tailscale,53,000056.jpg,1776617591.43309,1776617591.4330866,4,plastic_verpakking,0.9728,51.51,733,1776617591.44459
1776617591.538479,steps-cloud-yolo-tailscale,54,000057.jpg,1776617591.5267303,1776617591.5267267,2,plastic_verpakking,0.9192,60.98,496,1776617591.538511
1776617591.647309,steps-cloud-yolo-tailscale,55,000058.jpg,1776617591.6355844,1776617591.6355815,1,plastic_verpakking,0.9118,76.03,376,1776617591.647339
1776617591.733055,steps-cloud-yolo-tailscale,56,000059.jpg,1776617591.7212074,1776617591.721204,2,plastic_verpakking,0.9232,52.98,496,1776617591.733092
1776617591.803546,steps-cloud-yolo-tailscale,57,000060.jpg,1776617591.7919865,1776617591.7919822,2,plastic_verpakking,0.6992,38.21,491,1776617591.803576
1776617591.871001,steps-cloud-yolo-tailscale,58,000061.jpg,1776617591.8592606,1776617591.859257,1,plastic_verpakking,0.874,34.77,372,1776617591.871032
1776617591.941653,steps-cloud-yolo-tailscale,59,000062.jpg,1776617591.9301918,1776617591.9301887,2,plastic_verpakking,0.9629,38.49,492,1776617591.941726
1776617592.025151,steps-cloud-yolo-tailscale,60,000063.jpg,1776617592.0135083,1776617592.0135052,2,metalen_verpakking,0.9207,50.84,496,1776617592.025182
1776617592.164036,steps-cloud-yolo-tailscale,61,000064.jpg,1776617592.1521664,1776617592.1521633,5,plastic_verpakking,0.8952,105.86,846,1776617592.164075
1776617592.289883,steps-cloud-yolo-tailscale,62,000065.jpg,1776617592.2780094,1776617592.278006,5,metalen_verpakking,0.9292,92.63,858,1776617592.289921
1776617592.405572,steps-cloud-yolo-tailscale,63,000066.jpg,1776617592.393815,1776617592.3938115,3,plastic_verpakking,0.9233,82.74,610,1776617592.405605
1776617592.472436,steps-cloud-yolo-tailscale,64,000067.jpg,1776617592.460776,1776617592.4607725,2,metalen_verpakking,0.9487,33.97,493,1776617592.47247
1776617592.542369,steps-cloud-yolo-tailscale,65,000068.jpg,1776617592.530631,1776617592.5306277,2,metalen_verpakking,0.9683,37.46,489,1776617592.542399
1776617592.609487,steps-cloud-yolo-tailscale,66,000069.jpg,1776617592.5976977,1776617592.5976944,1,plastic_verpakking,0.8866,34.99,374,1776617592.609517
1776617592.678567,steps-cloud-yolo-tailscale,67,000070.jpg,1776617592.6670544,1776617592.667051,5,plastic_verpakking,0.6176,36.41,843,1776617592.678601
1776617592.775411,steps-cloud-yolo-tailscale,68,000071.jpg,1776617592.7636306,1776617592.7636278,2,plastic_verpakking,0.9512,64.32,494,1776617592.775441
1776617592.841186,steps-cloud-yolo-tailscale,69,000072.jpg,1776617592.8294804,1776617592.8294773,2,plastic_verpakking,0.9605,28.2,492,1776617592.84122
1776617592.937883,steps-cloud-yolo-tailscale,70,000073.JPG,1776617592.9260838,1776617592.9260807,3,plastic_verpakking,0.9408,64.04,611,1776617592.937921
1776617593.006402,steps-cloud-yolo-tailscale,71,000074.jpg,1776617592.9940495,1776617592.9940462,3,plastic_verpakking,0.9617,35.07,609,1776617593.006441
1776617593.06754,steps-cloud-yolo-tailscale,72,000075.jpg,1776617593.0557563,1776617593.0557535,2,plastic_verpakking,0.9673,29.28,492,1776617593.067574
1776617593.128657,steps-cloud-yolo-tailscale,73,000076.jpg,1776617593.11653,1776617593.1165268,3,metalen_verpakking,0.9483,28.47,604,1776617593.128687
1776617593.18391,steps-cloud-yolo-tailscale,74,000077.jpg,1776617593.1721094,1776617593.1721067,1,plastic_verpakking,0.9751,23.36,374,1776617593.183951
1776617593.267721,steps-cloud-yolo-tailscale,75,000078.jpg,1776617593.2559323,1776617593.255929,3,metalen_verpakking,0.9579,51.13,615,1776617593.267759
1776617593.363672,steps-cloud-yolo-tailscale,76,000079.jpg,1776617593.3517,1776617593.351697,1,plastic_verpakking,0.938,63.62,369,1776617593.363709
1776617593.430529,steps-cloud-yolo-tailscale,77,000080.jpg,1776617593.4188423,1776617593.4188392,2,plastic_verpakking,0.9275,30.05,492,1776617593.430558
1776617593.49804,steps-cloud-yolo-tailscale,78,000081.jpg,1776617593.4863365,1776617593.4863336,1,plastic_verpakking,0.935,35.21,373,1776617593.498071
1776617593.596446,steps-cloud-yolo-tailscale,79,000082.JPG,1776617593.5845783,1776617593.584574,3,plastic_verpakking,0.8847,65.86,617,1776617593.596481
1776617593.684423,steps-cloud-yolo-tailscale,80,000083.JPG,1776617593.672431,1776617593.6724281,2,plastic_verpakking,0.9158,55.49,495,1776617593.684454
1776617593.758317,steps-cloud-yolo-tailscale,81,000085.JPG,1776617593.7467499,1776617593.7467468,1,plastic_verpakking,0.9588,41.86,376,1776617593.758345
1776617593.825981,steps-cloud-yolo-tailscale,82,000086.JPG,1776617593.8142304,1776617593.8142273,2,metalen_verpakking,0.9442,35.25,493,1776617593.826015
1776617593.89502,steps-cloud-yolo-tailscale,83,000087.JPG,1776617593.8829212,1776617593.882918,3,plastic_verpakking,0.922,35.96,608,1776617593.895055
1776617593.978427,steps-cloud-yolo-tailscale,84,000088.JPG,1776617593.9667695,1776617593.9667664,1,metalen_verpakking,0.8148,51.66,376,1776617593.978459
1776617594.056462,steps-cloud-yolo-tailscale,85,000089.JPG,1776617594.0446033,1776617594.0446007,1,plastic_verpakking,0.9566,45.46,376,1776617594.056494
1776617594.133858,steps-cloud-yolo-tailscale,86,000090.JPG,1776617594.1221044,1776617594.1221008,2,plastic_verpakking,0.9342,45.14,493,1776617594.133892
1776617594.212444,steps-cloud-yolo-tailscale,87,000091.JPG,1776617594.2007256,1776617594.2007222,1,metalen_verpakking,0.9701,46.37,374,1776617594.212484
1776617594.284435,steps-cloud-yolo-tailscale,88,000092.JPG,1776617594.272405,1776617594.2724018,6,plastic_verpakking,0.845,38.86,974,1776617594.284476
1776617594.352492,steps-cloud-yolo-tailscale,89,000093.JPG,1776617594.3407445,1776617594.3407414,2,plastic_verpakking,0.9584,35.83,498,1776617594.35252
1776617594.430632,steps-cloud-yolo-tailscale,90,000094.JPG,1776617594.4188635,1776617594.4188604,2,plastic_verpakking,0.9458,45.67,495,1776617594.430663
1776617594.489475,steps-cloud-yolo-tailscale,91,000095.JPG,1776617594.4777408,1776617594.4777381,1,plastic_verpakking,0.9596,26.76,376,1776617594.489506
1776617594.567628,steps-cloud-yolo-tailscale,92,000097.JPG,1776617594.5559556,1776617594.5559528,6,plastic_verpakking,0.9469,45.52,980,1776617594.567667
1776617594.642435,steps-cloud-yolo-tailscale,93,000098.JPG,1776617594.630856,1776617594.6308525,1,metalen_verpakking,0.9468,41.53,374,1776617594.642469
1776617594.704496,steps-cloud-yolo-tailscale,94,000099.JPG,1776617594.6927743,1776617594.6927724,5,plastic_verpakking,0.9698,29.31,860,1776617594.704532
1776617594.793684,steps-cloud-yolo-tailscale,95,000100.JPG,1776617594.7822757,1776617594.7822728,2,plastic_verpakking,0.9567,57.2,493,1776617594.793719
1776617594.862338,steps-cloud-yolo-tailscale,96,000101.JPG,1776617594.8507977,1776617594.8507943,2,plastic_verpakking,0.939,36.06,497,1776617594.862376
1776617594.949045,steps-cloud-yolo-tailscale,97,000102.JPG,1776617594.9375186,1776617594.9375155,6,plastic_verpakking,0.9453,53.61,975,1776617594.949079
1776617595.018737,steps-cloud-yolo-tailscale,98,000103.JPG,1776617595.007128,1776617595.0071251,2,plastic_verpakking,0.9066,37.27,486,1776617595.01877
1776617595.08255,steps-cloud-yolo-tailscale,99,000104.JPG,1776617595.070779,1776617595.0707765,2,plastic_verpakking,0.9707,31.33,494,1776617595.082584
1776617595.182306,steps-cloud-yolo-tailscale,100,test.jpg,1776617595.1701653,1776617595.1701624,1,metalen_verpakking,0.9686,67.42,373,1776617595.182338
1776620556.672434,steps-cloud-yolo-tailscale,1,000000.jpg,1776620556.6609132,1776620556.6609075,4,metalen_verpakking,0.9391,1895.93,726,1776620556.672471
1776620556.857322,steps-cloud-yolo-tailscale,2,000001.jpg,1776620556.8453846,1776620556.8453808,1,plastic_verpakking,0.9378,151.73,377,1776620556.857357
1776620556.990665,steps-cloud-yolo-tailscale,3,000002.jpg,1776620556.978936,1776620556.9789321,1,plastic_verpakking,0.7975,100.95,376,1776620556.990698
1776620557.147489,steps-cloud-yolo-tailscale,4,000003.jpg,1776620557.1357954,1776620557.1357925,1,plastic_verpakking,0.935,124.32,374,1776620557.147518
1776620557.294175,steps-cloud-yolo-tailscale,5,000004.jpg,1776620557.2824035,1776620557.2823997,1,plastic_verpakking,0.8714,114.32,372,1776620557.294205
1776620557.447153,steps-cloud-yolo-tailscale,6,000005.jpg,1776620557.4356124,1776620557.4356093,1,plastic_verpakking,0.9639,120.73,375,1776620557.447188
1776620557.598932,steps-cloud-yolo-tailscale,7,000006.jpg,1776620557.5872068,1776620557.5872035,1,plastic_verpakking,0.8271,119.07,377,1776620557.598967
1776620557.755596,steps-cloud-yolo-tailscale,8,000007.jpg,1776620557.7437627,1776620557.743759,2,plastic_verpakking,0.9495,123.81,496,1776620557.755628
1776620557.9037,steps-cloud-yolo-tailscale,9,000009.jpg,1776620557.8919418,1776620557.8919382,0,,,115.56,258,1776620557.903723
1776620558.062057,steps-cloud-yolo-tailscale,10,000010.jpg,1776620558.0504417,1776620558.0504384,8,plastic_verpakking,0.8824,124.76,1210,1776620558.062168
1776620558.21068,steps-cloud-yolo-tailscale,11,000011.jpg,1776620558.1988196,1776620558.1988168,2,plastic_verpakking,0.931,115.47,495,1776620558.210707
1776620558.388056,steps-cloud-yolo-tailscale,12,000012.jpg,1776620558.3762567,1776620558.3762534,3,plastic_verpakking,0.9272,144.46,614,1776620558.388091
1776620558.549228,steps-cloud-yolo-tailscale,13,000013.jpg,1776620558.5373785,1776620558.537375,6,metalen_verpakking,0.9585,127.67,970,1776620558.549271
1776620558.667378,steps-cloud-yolo-tailscale,14,000014.jpg,1776620558.6557834,1776620558.6557806,1,plastic_verpakking,0.8622,85.94,377,1776620558.667407
1776620558.789254,steps-cloud-yolo-tailscale,15,000015.jpg,1776620558.7771962,1776620558.7771935,6,plastic_verpakking,0.9509,88.8,972,1776620558.789292
1776620558.880462,steps-cloud-yolo-tailscale,16,000017.jpg,1776620558.8685393,1776620558.8685362,3,plastic_verpakking,0.9515,55.77,616,1776620558.880499
1776620558.955871,steps-cloud-yolo-tailscale,17,000019.jpg,1776620558.9440422,1776620558.9440386,5,plastic_verpakking,0.9257,42.6,842,1776620558.955905
1776620559.018673,steps-cloud-yolo-tailscale,18,000020.jpg,1776620559.0067372,1776620559.0067341,3,metalen_verpakking,0.9745,30.14,612,1776620559.018711
1776620559.078825,steps-cloud-yolo-tailscale,19,000021.jpg,1776620559.0672371,1776620559.0672345,2,plastic_verpakking,0.961,28.15,490,1776620559.078855
1776620559.139156,steps-cloud-yolo-tailscale,20,000022.jpg,1776620559.1274717,1776620559.1274686,6,plastic_verpakking,0.9679,27.11,973,1776620559.139187
1776620559.197909,steps-cloud-yolo-tailscale,21,000023.jpg,1776620559.186218,1776620559.1862156,1,plastic_verpakking,0.9498,26.51,372,1776620559.197939
1776620559.264239,steps-cloud-yolo-tailscale,22,000024.jpg,1776620559.2524605,1776620559.2524586,12,plastic_verpakking,0.9204,32.72,1673,1776620559.264287
1776620559.329949,steps-cloud-yolo-tailscale,23,000025.jpg,1776620559.318659,1776620559.3186562,0,,,34.01,257,1776620559.329976
1776620559.398316,steps-cloud-yolo-tailscale,24,000026.jpg,1776620559.386376,1776620559.386373,2,plastic_verpakking,0.9372,35.15,492,1776620559.398348
1776620559.461346,steps-cloud-yolo-tailscale,25,000027.jpg,1776620559.4496155,1776620559.4496124,1,plastic_verpakking,0.9672,31.02,373,1776620559.461376
1776620559.522823,steps-cloud-yolo-tailscale,26,000028.jpg,1776620559.5109503,1776620559.510948,5,plastic_verpakking,0.9386,28.68,842,1776620559.522861
1776620559.587937,steps-cloud-yolo-tailscale,27,000029.jpg,1776620559.5760593,1776620559.5760562,24,plastic_verpakking,0.9519,29.52,3092,1776620559.588043
1776620559.650688,steps-cloud-yolo-tailscale,28,000030.jpg,1776620559.6387982,1776620559.6387956,3,metalen_verpakking,0.975,30.26,612,1776620559.650718
1776620559.771806,steps-cloud-yolo-tailscale,29,000031.jpg,1776620559.7601597,1776620559.7601569,1,plastic_verpakking,0.9449,89.11,376,1776620559.771837
1776620559.888657,steps-cloud-yolo-tailscale,30,000032.jpg,1776620559.877092,1776620559.8770888,1,plastic_verpakking,0.8382,84.49,376,1776620559.888689
1776620560.014824,steps-cloud-yolo-tailscale,31,000033.jpg,1776620560.0029082,1776620560.0029054,1,plastic_verpakking,0.9541,92.98,376,1776620560.014858
1776620560.12201,steps-cloud-yolo-tailscale,32,000034.jpg,1776620560.1102445,1776620560.1102417,2,plastic_verpakking,0.9683,74.48,493,1776620560.122042
1776620560.236167,steps-cloud-yolo-tailscale,33,000035.jpg,1776620560.2244456,1776620560.224443,1,metalen_verpakking,0.9525,81.55,376,1776620560.236199
1776620560.367881,steps-cloud-yolo-tailscale,34,000036.jpg,1776620560.3559425,1776620560.355939,1,plastic_verpakking,0.9627,98.74,376,1776620560.367913
1776620560.45835,steps-cloud-yolo-tailscale,35,000037.JPG,1776620560.4468508,1776620560.4468474,8,plastic_verpakking,0.9174,55.77,1203,1776620560.458388
1776620560.635515,steps-cloud-yolo-tailscale,36,000038.jpg,1776620560.623667,1776620560.6236641,3,metalen_verpakking,0.8841,143.87,616,1776620560.63555
1776620560.786378,steps-cloud-yolo-tailscale,37,000039.jpg,1776620560.7746944,1776620560.774691,1,plastic_verpakking,0.956,118.13,376,1776620560.786406
1776620560.911696,steps-cloud-yolo-tailscale,38,000040.JPG,1776620560.9001362,1776620560.900133,2,plastic_verpakking,0.6736,92.0,493,1776620560.911728
1776620561.000214,steps-cloud-yolo-tailscale,39,000041.JPG,1776620560.9882662,1776620560.988263,2,metalen_verpakking,0.9576,54.56,496,1776620561.000249
1776620561.091259,steps-cloud-yolo-tailscale,40,000043.jpg,1776620561.0795703,1776620561.0795662,1,plastic_verpakking,0.897,58.82,374,1776620561.091291
1776620561.176218,steps-cloud-yolo-tailscale,41,000044.jpg,1776620561.1644022,1776620561.1643991,1,metalen_verpakking,0.9324,52.38,375,1776620561.176249
1776620561.280893,steps-cloud-yolo-tailscale,42,000045.JPG,1776620561.2692351,1776620561.269232,2,plastic_verpakking,0.9511,71.99,492,1776620561.280924
1776620561.381574,steps-cloud-yolo-tailscale,43,000046.jpg,1776620561.3697755,1776620561.3697724,2,plastic_verpakking,0.9647,67.6,496,1776620561.381611
1776620561.483615,steps-cloud-yolo-tailscale,44,000047.jpg,1776620561.471612,1776620561.471609,2,plastic_verpakking,0.9732,66.77,494,1776620561.483646
1776620561.591929,steps-cloud-yolo-tailscale,45,000048.JPG,1776620561.580231,1776620561.5802276,1,plastic_verpakking,0.9746,76.04,375,1776620561.591958
1776620561.727954,steps-cloud-yolo-tailscale,46,000049.jpg,1776620561.7164655,1776620561.7164624,5,plastic_verpakking,0.9309,102.55,859,1776620561.727986
1776620561.797938,steps-cloud-yolo-tailscale,47,000050.JPG,1776620561.7863262,1776620561.7863233,1,plastic_verpakking,0.7764,37.24,373,1776620561.797977
1776620561.928985,steps-cloud-yolo-tailscale,48,000051.jpg,1776620561.9171162,1776620561.9171133,2,plastic_verpakking,0.9529,98.1,496,1776620561.929021
1776620562.017855,steps-cloud-yolo-tailscale,49,000052.jpg,1776620562.005947,1776620562.005944,4,plastic_verpakking,0.9621,55.69,731,1776620562.017886
1776620562.103283,steps-cloud-yolo-tailscale,50,000053.jpg,1776620562.0916302,1776620562.0916278,2,plastic_verpakking,0.9575,52.88,497,1776620562.103317
1776620562.213886,steps-cloud-yolo-tailscale,51,000054.jpg,1776620562.2020698,1776620562.2020664,2,plastic_verpakking,0.9609,77.57,498,1776620562.213921
1776620562.295074,steps-cloud-yolo-tailscale,52,000055.jpg,1776620562.283243,1776620562.283236,3,plastic_verpakking,0.9623,48.14,615,1776620562.295107
1776620562.403059,steps-cloud-yolo-tailscale,53,000056.jpg,1776620562.3910682,1776620562.3910651,4,plastic_verpakking,0.9728,73.96,735,1776620562.403089
1776620562.496531,steps-cloud-yolo-tailscale,54,000057.jpg,1776620562.4846618,1776620562.4846587,2,plastic_verpakking,0.9192,60.66,496,1776620562.496563
1776620562.606178,steps-cloud-yolo-tailscale,55,000058.jpg,1776620562.594648,1776620562.5946448,1,plastic_verpakking,0.9118,77.49,375,1776620562.606207
1776620562.694513,steps-cloud-yolo-tailscale,56,000059.jpg,1776620562.6826444,1776620562.6826417,2,plastic_verpakking,0.9232,55.23,497,1776620562.694557
1776620562.777041,steps-cloud-yolo-tailscale,57,000060.jpg,1776620562.7648253,1776620562.7648222,2,plastic_verpakking,0.6992,48.61,491,1776620562.777075
1776620562.840404,steps-cloud-yolo-tailscale,58,000061.jpg,1776620562.828486,1776620562.8284829,1,plastic_verpakking,0.874,31.28,372,1776620562.840433
1776620562.930805,steps-cloud-yolo-tailscale,59,000062.jpg,1776620562.918853,1776620562.9188504,2,plastic_verpakking,0.9629,57.94,491,1776620562.930844
1776620563.035498,steps-cloud-yolo-tailscale,60,000063.jpg,1776620563.023878,1776620563.023875,2,metalen_verpakking,0.9207,71.98,494,1776620563.035529
1776620563.179001,steps-cloud-yolo-tailscale,61,000064.jpg,1776620563.1671693,1776620563.167166,5,plastic_verpakking,0.8952,109.78,845,1776620563.179035
1776620563.315403,steps-cloud-yolo-tailscale,62,000065.jpg,1776620563.3036785,1776620563.3036754,5,metalen_verpakking,0.9292,102.39,860,1776620563.315437
1776620563.427036,steps-cloud-yolo-tailscale,63,000066.jpg,1776620563.4153779,1776620563.4153743,3,plastic_verpakking,0.9233,79.03,611,1776620563.427066
1776620563.516251,steps-cloud-yolo-tailscale,64,000067.jpg,1776620563.504581,1776620563.5045776,2,metalen_verpakking,0.9487,56.09,493,1776620563.516281
1776620563.598698,steps-cloud-yolo-tailscale,65,000068.jpg,1776620563.5870407,1776620563.5870373,2,metalen_verpakking,0.9683,49.69,490,1776620563.598729
1776620563.664334,steps-cloud-yolo-tailscale,66,000069.jpg,1776620563.6527705,1776620563.6527677,1,plastic_verpakking,0.8866,33.5,373,1776620563.66436
1776620563.729762,steps-cloud-yolo-tailscale,67,000070.jpg,1776620563.7179813,1776620563.7179787,5,plastic_verpakking,0.6176,32.44,844,1776620563.729794
1776620563.827427,steps-cloud-yolo-tailscale,68,000071.jpg,1776620563.8157601,1776620563.8157556,2,plastic_verpakking,0.9512,65.43,494,1776620563.827457
1776620563.892783,steps-cloud-yolo-tailscale,69,000072.jpg,1776620563.881052,1776620563.8810494,2,plastic_verpakking,0.9605,27.63,492,1776620563.892814
1776620563.992828,steps-cloud-yolo-tailscale,70,000073.JPG,1776620563.9811964,1776620563.9811935,3,plastic_verpakking,0.9408,67.37,611,1776620563.99286
1776620564.060638,steps-cloud-yolo-tailscale,71,000074.jpg,1776620564.048659,1776620564.0486565,3,plastic_verpakking,0.9617,34.65,608,1776620564.060673
1776620564.12239,steps-cloud-yolo-tailscale,72,000075.jpg,1776620564.1106915,1776620564.1106882,2,plastic_verpakking,0.9673,29.74,492,1776620564.122423
1776620564.188388,steps-cloud-yolo-tailscale,73,000076.jpg,1776620564.1764314,1776620564.1764286,3,metalen_verpakking,0.9483,33.2,605,1776620564.18842
1776620564.243303,steps-cloud-yolo-tailscale,74,000077.jpg,1776620564.231711,1776620564.231707,1,plastic_verpakking,0.9751,22.93,372,1776620564.243329
1776620564.327398,steps-cloud-yolo-tailscale,75,000078.jpg,1776620564.3157513,1776620564.3157487,3,metalen_verpakking,0.9579,51.31,616,1776620564.327434
1776620564.418093,steps-cloud-yolo-tailscale,76,000079.jpg,1776620564.4062223,1776620564.406219,1,plastic_verpakking,0.938,58.19,372,1776620564.418134
1776620564.485177,steps-cloud-yolo-tailscale,77,000080.jpg,1776620564.4733522,1776620564.4733493,2,plastic_verpakking,0.9275,30.18,492,1776620564.485218
1776620564.555305,steps-cloud-yolo-tailscale,78,000081.jpg,1776620564.543576,1776620564.5435731,1,plastic_verpakking,0.935,37.92,372,1776620564.555331
1776620564.656806,steps-cloud-yolo-tailscale,79,000082.JPG,1776620564.644734,1776620564.6447294,3,plastic_verpakking,0.8847,68.63,617,1776620564.656845
1776620564.745173,steps-cloud-yolo-tailscale,80,000083.JPG,1776620564.7336671,1776620564.7336645,2,plastic_verpakking,0.9158,56.38,496,1776620564.745204
1776620564.825787,steps-cloud-yolo-tailscale,81,000085.JPG,1776620564.8140736,1776620564.8140702,1,plastic_verpakking,0.9588,48.18,376,1776620564.825818
1776620564.888019,steps-cloud-yolo-tailscale,82,000086.JPG,1776620564.8763168,1776620564.8763137,2,metalen_verpakking,0.9442,29.93,493,1776620564.888052
1776620564.959006,steps-cloud-yolo-tailscale,83,000087.JPG,1776620564.947362,1776620564.9473593,3,plastic_verpakking,0.922,38.29,608,1776620564.95904
1776620565.045211,steps-cloud-yolo-tailscale,84,000088.JPG,1776620565.0334651,1776620565.033462,1,metalen_verpakking,0.8148,53.87,375,1776620565.045241
1776620565.128511,steps-cloud-yolo-tailscale,85,000089.JPG,1776620565.1165948,1776620565.116592,1,plastic_verpakking,0.9566,50.96,375,1776620565.128541
1776620565.206741,steps-cloud-yolo-tailscale,86,000090.JPG,1776620565.1949978,1776620565.194995,2,plastic_verpakking,0.9342,45.77,492,1776620565.206776
1776620565.279398,steps-cloud-yolo-tailscale,87,000091.JPG,1776620565.2677298,1776620565.2677267,1,metalen_verpakking,0.9701,40.63,374,1776620565.279426
1776620565.351972,steps-cloud-yolo-tailscale,88,000092.JPG,1776620565.339986,1776620565.339983,6,plastic_verpakking,0.845,39.12,973,1776620565.352013
1776620565.419776,steps-cloud-yolo-tailscale,89,000093.JPG,1776620565.4084642,1776620565.408461,2,plastic_verpakking,0.9584,35.78,497,1776620565.419806
1776620565.502826,steps-cloud-yolo-tailscale,90,000094.JPG,1776620565.49107,1776620565.491067,2,plastic_verpakking,0.9458,50.0,491,1776620565.502862
1776620565.566651,steps-cloud-yolo-tailscale,91,000095.JPG,1776620565.554757,1776620565.5547545,1,plastic_verpakking,0.9596,31.35,375,1776620565.566676
1776620565.651185,steps-cloud-yolo-tailscale,92,000097.JPG,1776620565.6393342,1776620565.6393313,6,plastic_verpakking,0.9469,51.71,980,1776620565.651218
1776620565.725759,steps-cloud-yolo-tailscale,93,000098.JPG,1776620565.7142403,1776620565.7142367,1,metalen_verpakking,0.9468,41.56,375,1776620565.725788
1776620565.789754,steps-cloud-yolo-tailscale,94,000099.JPG,1776620565.7779315,1776620565.7779284,5,plastic_verpakking,0.9698,30.97,860,1776620565.78979
1776620565.890041,steps-cloud-yolo-tailscale,95,000100.JPG,1776620565.87813,1776620565.8781269,2,plastic_verpakking,0.9567,67.65,492,1776620565.890071
1776620565.959201,steps-cloud-yolo-tailscale,96,000101.JPG,1776620565.947434,1776620565.9474308,2,plastic_verpakking,0.939,36.84,496,1776620565.959231
1776620566.039858,steps-cloud-yolo-tailscale,97,000102.JPG,1776620566.028073,1776620566.0280697,6,plastic_verpakking,0.9453,47.77,974,1776620566.039892
1776620566.115643,steps-cloud-yolo-tailscale,98,000103.JPG,1776620566.103779,1776620566.103776,2,plastic_verpakking,0.9066,43.2,484,1776620566.115672
1776620566.186652,steps-cloud-yolo-tailscale,99,000104.JPG,1776620566.1749465,1776620566.1749432,2,plastic_verpakking,0.9707,38.76,495,1776620566.186688
1776620566.285493,steps-cloud-yolo-tailscale,100,test.jpg,1776620566.273556,1776620566.273553,1,metalen_verpakking,0.9686,66.51,371,1776620566.285521
